RU088663268=	BBB	1/25/2013	S&P
RU088663268=	Baa1	4/2/2013	MDY
RU085533428=	B1	12/10/2013	MDY
RU085533428=	BB-	11/21/2012	FTC
RU080513143=	B	9/7/2012	FTC
RU049493380=	BB+	12/27/2012	S&P
RU049493380=	Ba1	4/2/2013	MDY
RU049493380=	BBB-	7/13/2012	FTC
RU092214257=	BB+	4/29/2013	S&P
RU092214257=	Ba1	4/17/2013	MDY
RU092214257=	BBB-	4/29/2013	FTC
RU028869053=	BB-	12/27/2012	S&P
RU028869053=	Ba3	7/9/2013	MDY
RU028869053=	BB+	7/13/2012	FTC
RU054436297=	BB+	12/27/2012	S&P
RU054436297=	Ba1	4/2/2013	MDY
RU054436297=	BBB-	7/13/2012	FTC
RU083241250=	BB-	12/27/2012	S&P
RU083241250=	Ba3	7/9/2013	MDY
RU083241250=	BB+	9/27/2012	FTC
RU062069520=	BB+	12/27/2012	S&P
RU062069520=	Ba1	4/2/2013	MDY
RU062069520=	BBB-	7/13/2012	FTC
RU049357923=	B-	2/10/2014	S&P
RU049357923=	B	3/10/2010	FTC
RU092504310=	B-	2/10/2014	S&P
RU092504310=	B	5/7/2013	FTC
RU020582847=	BB-	10/19/2010	S&P
RU020582847=	Ba3	4/7/2009	MDY
RU020582847=	BB	10/16/2013	FTC
RU055549320=	BB-	10/19/2010	S&P
RU055549320=	Ba3	7/24/2012	MDY
RU055549320=	BB	10/16/2013	FTC
RU031257298=	B1	10/1/2013	MDY
RU031257298=	WD	11/15/2013	FTC
RU049409575=	Ba1	12/13/2013	MDY
RU049409575=	WD	1/31/2014	FTC
RU023633604=	Ba3	12/13/2013	MDY
RU023633604=	WD	1/31/2014	FTC
RU029918325=	Ba3	12/13/2013	MDY
RU029918325=	WD	1/31/2014	FTC
RU094474183=			
VG097446920=	BB	9/11/2013	S&P
VG097446920=	B1	10/3/2013	MDY
RU085039326=	BB-	10/16/2012	S&P
RU085039326=	Ba3	10/29/2013	MDY
RU084816345=	B1	10/1/2013	MDY
RU084816345=	WD	11/15/2013	FTC
RU095467393=	B+	10/23/2013	FTC
RU087910555=	BB-	10/8/2013	S&P
RU087910555=	B1	5/30/2013	MDY
RU087910555=	BB	11/11/2013	FTC
RU092407845=	NR	10/7/2013	MDY
RU092407845=	BB-	11/11/2013	FTC
RU085476335=	B1	10/3/2013	MDY
RU085476335=	B+	11/23/2012	FTC
DE062075988=			
DE062076011=			
IE099584556=	BB+	11/6/2013	S&P
XS083702001=	BBB	10/2/2012	S&P
XS083702001=	A3	10/4/2012	MDY
XS083702001=	WD	9/25/2013	FTC
XS097264511=	BBB	9/20/2013	S&P
XS097264511=	A3	9/23/2013	MDY
KZS083157143=	BBB	9/17/2012	S&P
KZS083157143=	A3	9/17/2012	MDY
KZS083157143=	WD	9/25/2013	FTC
RU091860449=	BB+	4/8/2013	S&P
RU091860449=	BB	4/16/2013	FTC
RU091054019=			
RU045489736=	BBB	8/30/2012	S&P
RU045489736=	A3	9/25/2009	MDY
RU045489736=	WD	9/25/2013	FTC
RU098102817=	NR	1/17/2014	MDY
RU098102817=	BB-	10/17/2013	FTC
RU086358328=	BB	12/21/2012	S&P
RU086358328=	BB	12/18/2012	FTC
RU023498715=	B+	3/11/2011	S&P
RU023498715=	B1	1/26/2012	MDY
RU023498715=	BB-	4/15/2011	FTC
RU065291355=	B+	4/11/2012	S&P
RU065291355=	B1	5/10/2012	MDY
RU065291355=	BB-	4/25/2012	FTC
RU035938133=	B+	3/11/2011	S&P
RU035938133=	B1	1/26/2012	MDY
RU035938133=	BB-	4/15/2011	FTC
RU061890521=	B+	4/12/2011	S&P
RU061890521=	B1	1/26/2012	MDY
RU061890521=	BB-	5/24/2011	FTC
RU080863861=	B+	4/30/2013	S&P
RU080863861=	BB-	4/15/2013	FTC
RU092033490=	BB-	5/8/2013	S&P
RU092033490=	B+	5/7/2013	FTC
RU092033503=	BB-	5/8/2013	S&P
RU092033503=	B+	5/7/2013	FTC
RU086343916=	BBB	11/29/2012	S&P
RU086343916=	Baa3	2/7/2014	MDY
RU103864607=	BBB	2/17/2014	S&P
RU103864607=	Baa1	2/17/2014	MDY
RU103864607=	BBB	2/27/2014	FTC
RU095491251=	BBB	7/15/2013	S&P
RU095491251=	Baa1	2/17/2014	MDY
RU095491251=	BBB	7/30/2013	FTC
RU097412618=	BBB	9/16/2013	S&P
RU097412618=	Baa1	2/17/2014	MDY
RU097412618=	BBB	9/25/2013	FTC
RU041653582=	Baa1	6/30/2009	MDY
RU042013544=	Baa1	6/30/2009	MDY
RU044234840=	BBB	7/23/2009	S&P
RU044234840=	Baa1	2/17/2014	MDY
RU044234840=	BBB	8/3/2009	FTC
RU030358341=	BBB	8/1/2007	S&P
RU030358341=	Baa1	2/17/2014	MDY
RU030358341=	BBB	4/1/2008	FTC
RU044233029=	BBB	7/23/2009	S&P
RU044233029=	Baa1	2/17/2014	MDY
RU044233029=	BBB	8/3/2009	FTC
RU022079093=	BBB	11/29/2006	S&P
RU022079093=	Baa1	2/17/2014	MDY
RU022079093=	BBB	4/1/2008	FTC
RU056235418=	BBB	11/16/2010	S&P
RU056235418=	Baa1	2/17/2014	MDY
RU056235418=	BBB	2/9/2010	FTC
RU070881365=	BBB	11/24/2011	S&P
RU070881365=	Baa1	2/17/2014	MDY
RU070881365=	BBB	11/23/2011	FTC
RU027645631=	BBB	2/10/2010	S&P
RU027645631=	Baa1	2/17/2014	MDY
RU027645631=	BBB	4/1/2008	FTC
RU080558201=	BBB	7/9/2012	S&P
RU080558201=	Baa1	2/17/2014	MDY
RU080558201=	BBB	8/1/2012	FTC
RU027645593=	BBB	4/1/2010	S&P
RU027645593=	Baa1	2/17/2014	MDY
RU027645593=	BBB	4/1/2008	FTC
RU029058156=	BBB	2/27/2007	S&P
RU029058156=	Baa1	2/17/2014	MDY
RU029058156=	BBB	4/1/2008	FTC
RU032723713=	BBB	11/29/2006	S&P
RU032723713=	Baa1	2/17/2014	MDY
RU032723713=	BBB	4/1/2008	FTC
RU035728155=	BBB	4/7/2008	S&P
RU035728155=	Baa1	2/17/2014	MDY
RU035728155=	BBB	4/18/2008	FTC
RU042486094=	BBB	4/23/2009	S&P
RU042486094=	Baa1	2/17/2014	MDY
RU042486094=	BBB	5/5/2009	FTC
RU088573315=	BBB	2/1/2013	S&P
RU088573315=	Baa1	2/17/2014	MDY
RU088573315=	BBB	2/7/2013	FTC
RU090694600=	BBB	3/13/2013	S&P
RU090694600=	Baa1	2/17/2014	MDY
RU090694600=	BBB	4/3/2013	FTC
RU070881381=	BBB	11/24/2011	S&P
RU070881381=	Baa1	2/17/2014	MDY
RU070881381=	BBB	11/23/2011	FTC
RU029058059=	BBB	3/15/2007	S&P
RU029058059=	Baa1	2/17/2014	MDY
RU029058059=	BBB	4/1/2008	FTC
RU080557035=	BBB	7/9/2012	S&P
RU080557035=	Baa1	2/17/2014	MDY
RU080557035=	BBB	1/9/2014	FTC
RU090694952=	BBB	3/13/2013	S&P
RU090694952=	Baa1	2/17/2014	MDY
RU090694952=	BBB	4/3/2013	FTC
RU088573692=	BBB	2/1/2013	S&P
RU088573692=	Baa1	2/17/2014	MDY
RU088573692=	BBB	2/7/2013	FTC
RU019175472=	BBB	11/29/2006	S&P
RU019175472=	Baa1	2/17/2014	MDY
RU019175472=	BBB	4/1/2008	FTC
RU031652413=	BBB	7/31/2007	S&P
RU031652413=	Baa1	2/17/2014	MDY
RU031652413=	BBB	4/1/2008	FTC
RU099754486=	BBB-	11/14/2013	S&P
RU099754486=	Baa2	11/21/2013	MDY
RU099754486=	BBB	11/26/2013	FTC
RU053127096=	BBB-	8/28/2012	S&P
RU053127096=	Baa3	4/2/2013	MDY
RU053127096=	BBB-	7/9/2013	FTC
RU080365250=	BBB-	8/28/2012	S&P
RU080365250=	Baa3	4/2/2013	MDY
RU080365250=	BBB-	7/9/2013	FTC
RU023057794=	BBB-	8/28/2012	S&P
RU023057794=	Baa3	4/2/2013	MDY
RU023057794=	BBB-	7/9/2013	FTC
RU083326433=	Baa3	4/2/2013	MDY
RU083326433=	BBB-	7/9/2013	FTC
RU088810031=	BBB-	3/12/2013	S&P
RU088810031=	Baa3	4/2/2013	MDY
RU088810031=	BBB-	7/9/2013	FTC
RU042651770=	Baa3	4/2/2013	MDY
RU042651770=	BBB-	7/9/2013	FTC
RU087798364=	BBB-	1/24/2013	S&P
RU087798364=	Baa3	4/2/2013	MDY
RU087798364=	BBB-	7/9/2013	FTC
RU078329122=	BBB-	8/28/2012	S&P
RU078329122=	Baa3	4/2/2013	MDY
RU078329122=	BBB-	7/9/2013	FTC
RU077921346=	BB+	8/28/2012	S&P
RU077921346=	Ba3	7/9/2013	MDY
RU077921346=	BB+	7/8/2013	FTC
RU080058225=	BB+	7/9/2013	FTC
RU084813770=	NR	3/12/2013	MDY
RU102602510=	BBB-	2/5/2014	S&P
RU102602510=	Baa3	1/30/2014	MDY
RU102602510=	BBB-	1/31/2014	FTC
IE104072658=			
RU098710965=	BBB-	11/11/2013	S&P
RU098710965=	Baa3	11/1/2013	MDY
RU098710965=	BBB-	10/30/2013	FTC
RU097532087=	NR	1/17/2014	MDY
RU097532087=	BB-	10/3/2013	FTC
RU092229688=	BBB-	4/11/2013	S&P
RU092229688=	Baa2	11/21/2013	MDY
RU092229688=	BBB	10/29/2013	FTC
RU083019271=	BBB-	9/6/2012	S&P
RU083019271=	Baa2	11/21/2013	MDY
RU083019271=	BBB	10/29/2013	FTC
RU060638241=	NR	9/1/2011	S&P
RU060638241=	Ba3	10/4/2013	MDY
RU060638241=	BB	3/21/2013	FTC
RU084665266=	B1	10/4/2013	MDY
RU084665266=	BB-	3/21/2013	FTC
RU030911431=	NR	7/7/2010	S&P
RU030911431=	WR	7/6/2010	MDY
RU030911431=	C	6/25/2010	FTC
RU027105050=	NR	9/10/2009	S&P
RU027105050=	CCC	8/9/2013	FTC
RU033731671=	NR	12/30/2010	S&P
RU064033476=	CCC+	4/19/2013	S&P
RU064033476=	B3	7/29/2011	MDY
RU046366344=	BBB	4/15/2013	S&P
RU046366344=	Baa2	11/3/2009	MDY
RU046366344=	BBB	8/21/2013	FTC
RU030427394=	BBB	4/15/2013	S&P
RU030427394=	Baa2	4/28/2008	MDY
RU030427394=	BBB	8/21/2013	FTC
RU091950243=	BBB	4/19/2013	S&P
RU091950243=	Baa2	4/25/2013	MDY
RU091950243=	BBB	8/21/2013	FTC
RU046192656=	BBB	4/15/2013	S&P
RU046192656=	Baa2	11/3/2009	MDY
RU046192656=	BBB	8/21/2013	FTC
RU055465967=	BBB	4/15/2013	S&P
RU055465967=	Baa2	11/9/2010	MDY
RU055465967=	BBB	8/21/2013	FTC
RU030427459=	BBB	4/15/2013	S&P
RU030427459=	Baa2	4/28/2008	MDY
RU030427459=	BBB	8/21/2013	FTC
RU091950456=	BBB	4/19/2013	S&P
RU091950456=	Baa2	4/25/2013	MDY
RU091950456=	BBB	8/21/2013	FTC
RU024693716=	B2	7/3/2013	MDY
RU065096218=	Ba2	4/9/2013	MDY
RU065096218=	BB-	7/21/2011	FTC
RU091829738=	BB	2/26/2014	S&P
RU091829738=	Ba2	4/17/2013	MDY
RU091829738=	BB-	4/19/2013	FTC
RU098286128=	BBB-	10/16/2013	S&P
RU098286128=	Baa2	11/11/2013	MDY
RU098286128=	BB+	11/22/2013	FTC
RU092133150=	BB+	7/25/2013	S&P
RU092133150=	Ba2	5/30/2013	MDY
RU092133150=	BB+	5/30/2013	FTC
RU027177255=	BBB	12/8/2008	S&P
RU027177255=	Baa1	12/15/2006	MDY
RU027177255=	BBB	2/4/2009	FTC
RU065508508=	B1	5/30/2013	MDY
RU065508508=	BB	11/11/2013	FTC
RU051372387=	BB+	7/25/2013	S&P
RU051372387=	Ba2	5/20/2013	MDY
RU051372387=	BB+	6/22/2010	FTC
RU055783799=	NR	7/9/2013	S&P
RU023846845=	Ba3	6/24/2013	MDY
RU023846845=	WD	8/16/2013	FTC
RU080863284=	BB+	6/25/2013	S&P
RU080863284=	Baa3	4/16/2013	MDY
RU080863284=	BBB-	2/21/2013	FTC
RU078393432=	BB+	6/25/2013	S&P
RU078393432=	Baa3	2/5/2013	MDY
RU078393432=	BBB-	10/9/2012	FTC
RU050383962=	B1	4/16/2013	MDY
RU050383962=	B+	8/2/2013	FTC
RU077612106=	B1	4/16/2013	MDY
RU077612106=	B+	8/2/2013	FTC
RU094073022=	B1	6/6/2013	MDY
RU094073022=	B+	8/2/2013	FTC
RU092311023=	Ba3	4/26/2013	MDY
RU092311023=	BB-	8/2/2013	FTC
RU092347281=	Ba3	5/16/2013	MDY
RU092347281=	BB-	5/8/2013	FTC
RU092213471=	BBB-	4/23/2013	S&P
RU092213471=	(P)Baa2	10/11/2013	MDY
RU092213471=	BB+	7/31/2013	FTC
RU058843679=	BBB-	3/11/2011	S&P
RU058843679=	Baa3	2/25/2011	MDY
RU058843679=	BBB-	2/2/2011	FTC
RU088587332=	BBB-	1/31/2013	S&P
RU088587332=	Baa3	2/20/2013	MDY
RU088587332=	BBB-	2/20/2013	FTC
RU058843326=	BBB-	2/24/2011	S&P
RU058843326=	Baa3	2/25/2011	MDY
RU058843326=	BBB-	2/2/2011	FTC
RU086438372=	BBB-	12/6/2012	S&P
RU086438372=	Baa3	12/12/2012	MDY
RU086438372=	BBB-	12/12/2012	FTC
RU030510585=			
RU035912789=	NR	3/13/2009	S&P
RU088824512=	Baa3	2/14/2013	MDY
RU088824512=	BB+	2/13/2013	FTC
RU092230171=	BB+	5/14/2013	S&P
RU092230171=	BBB-	5/7/2013	FTC
RU055712859=	B-	3/5/2013	FTC
RU061962441=	Ba3	9/24/2013	MDY
RU061962441=	BB-	4/27/2011	FTC
RU046985605=	NR	5/17/2010	S&P
RU046985605=	B1	9/24/2013	MDY
RU046985605=	B+	12/20/2010	FTC
RU052465885=	B1	9/24/2013	MDY
RU052465885=	B+	12/20/2010	FTC
RU077598421=	Ba3	9/24/2013	MDY
RU077598421=	BB-	4/26/2012	FTC
RU085167243=	B1	9/24/2013	MDY
RU085167243=	B+	11/12/2012	FTC
RU077283528=	B2	12/27/2013	MDY
RU077283528=	B+	5/1/2012	FTC
RU049408552=			
RU049408609=			
RU061678450=	B	6/28/2013	S&P
RU061678450=	B3	6/6/2013	MDY
RU061678450=	B	5/4/2011	FTC
RU093834178=	B+	6/11/2013	S&P
RU093834178=	B2	10/9/2013	MDY
RU093834178=	WD	10/30/2013	FTC
RU086979292=	B3	10/9/2013	MDY
RU086979292=	WD	10/30/2013	FTC
IE099629754=	NR	2/7/2014	MDY
RU099629754=	NR	2/7/2014	MDY
VG094474248=			
RU103794099=	Baa3	7/23/2013	MDY
RU103794099=	BBB-	8/14/2013	FTC
RU043356810=	Baa3	7/5/2013	MDY
RU043356810=	BBB-	8/14/2013	FTC
RU088111923=	Baa3	7/5/2013	MDY
RU088111923=	BBB-	8/14/2013	FTC
RU060563705=	Baa3	7/5/2013	MDY
RU060563705=	BBB-	8/14/2013	FTC
RU074811400=	Baa3	7/5/2013	MDY
RU074811400=	BBB-	8/14/2013	FTC
RU030099877=	Baa3	7/5/2013	MDY
RU030099877=	BBB-	8/14/2013	FTC
RU079642622=	Baa3	7/5/2013	MDY
RU079642622=	BBB-	8/14/2013	FTC
RU088473434=	Baa3	7/5/2013	MDY
RU088473434=	BBB-	8/14/2013	FTC
RU036663090=	Baa3	7/5/2013	MDY
RU036663090=	BBB-	8/14/2013	FTC
LU095523285=	Baa3	7/23/2013	MDY
LU095523285=	BBB-	8/14/2013	FTC
RU095523285=	Baa3	7/23/2013	MDY
RU095523285=	BBB-	8/14/2013	FTC
RU063288799=	Ba3	7/5/2013	MDY
RU063288799=	BB+	8/14/2013	FTC
RU097989192=	NR	1/17/2014	MDY
RU086198037=	BBB	4/16/2013	S&P
RU086198037=	Baa1	12/17/2013	MDY
RU086198037=	WD	2/24/2014	FTC
RU086198118=	BBB	4/16/2013	S&P
RU086198118=	Baa1	12/17/2013	MDY
RU086198118=	WD	2/24/2014	FTC
RU055307261=	BB+	10/15/2010	S&P
RU055307261=	Ba1	10/27/2010	MDY
RU055307261=	BB+	10/27/2010	FTC
RU088663128=	B+	2/12/2013	S&P
RU088663128=	B2	10/4/2013	MDY
RU088663128=	B+	2/14/2013	FTC
RU095332331=	Caa1	10/4/2013	MDY
RU095332331=	B	7/17/2013	FTC
RU023809150=	B-	11/19/2008	S&P
RU023809150=	B3	10/4/2013	MDY
RU027572855=	B-	11/19/2008	S&P
RU027572855=	B3	10/4/2013	MDY
RU080264895=	B+	7/10/2012	S&P
RU080264895=	B2	10/4/2013	MDY
RU080264895=	B+	7/10/2012	FTC
RU084167738=	B-	10/10/2012	S&P
RU084167738=	B3	10/4/2013	MDY
RU084167738=	B	2/20/2013	FTC
RU049924518=	BBB	4/20/2010	S&P
RU049924518=	Baa1	2/6/2014	MDY
RU049924518=	BBB	3/29/2010	FTC
RU088572718=	BBB	2/18/2013	S&P
RU088572718=	Baa1	2/6/2014	MDY
RU088572718=	BBB	3/5/2013	FTC
RU076425345=	BBB	3/15/2012	S&P
RU076425345=	Baa1	2/6/2014	MDY
RU076425345=	BBB	4/23/2012	FTC
RU088572700=	BBB	2/18/2013	S&P
RU088572700=	Baa1	2/6/2014	MDY
RU088572700=	BBB	3/5/2013	FTC
RU091958198=	BBB	4/4/2013	S&P
RU091958198=	Baa1	2/6/2014	MDY
RU091958198=	BBB	4/23/2013	FTC
RU076422001=	BBB	3/15/2012	S&P
RU076422001=	Baa1	2/6/2014	MDY
RU076422001=	BBB	4/23/2012	FTC
RU060901791=	BBB	3/14/2011	S&P
RU060901791=	Baa1	2/6/2014	MDY
RU060901791=	BBB	3/24/2011	FTC
RU104181511=	Baa1	2/6/2014	MDY
RU025440528=	NR	10/13/2010	S&P
RU025440528=	WR	8/12/2010	MDY
RU033738412=			
RU103275016=	BBB-	2/27/2014	FTC
RU093531124=	BBB-	5/28/2013	FTC
RU052443571=	Baa1	12/12/2013	MDY
RU052443571=	BBB	7/8/2010	FTC
RU074932541=	Baa1	12/12/2013	MDY
RU074932541=	BBB	2/22/2012	FTC
RU088256182=	Baa1	12/12/2013	MDY
RU088256182=	BBB	1/29/2013	FTC
RU074238041=	Baa1	12/12/2013	MDY
RU074238041=	BBB	2/13/2012	FTC
RU054395671=	Baa1	12/12/2013	MDY
RU054395671=	BBB	9/27/2010	FTC
RU089742757=	Baa1	12/12/2013	MDY
RU089742757=	BBB	2/27/2013	FTC
RU079935735=	Baa1	12/12/2013	MDY
RU079935735=	BBB	6/27/2012	FTC
RU063857297=	Baa1	12/12/2013	MDY
RU063857297=	BBB	6/17/2011	FTC
RU074359604=	Baa1	12/12/2013	MDY
RU074359604=	BBB	2/3/2012	FTC
RU084853097=	Baa3	12/12/2013	MDY
RU084853097=	BBB-	10/22/2012	FTC
RU097321949=			
RU019049060=	BB+	6/21/2012	S&P
RU019049060=	Ba1	8/26/2013	MDY
RU019049060=	BB-	5/19/2011	FTC
RU064840258=	BB+	6/21/2012	S&P
RU064840258=	Ba1	8/26/2013	MDY
RU064840258=	BB	8/6/2012	FTC
RU055131538=	BB+	6/21/2012	S&P
RU055131538=	Ba1	8/26/2013	MDY
RU055131538=	BB	8/6/2012	FTC
RU084167100=	BB+	10/3/2012	S&P
RU084167100=	Ba1	8/26/2013	MDY
RU084167100=	BB	10/18/2013	FTC
RU087885577=	Ba1	1/30/2013	MDY
RU087885577=	BB+	1/31/2013	FTC
RU022578596=	Baa3	11/26/2013	MDY
RU022578596=	BBB	9/11/2013	FTC
RU078324287=	BB	5/8/2012	S&P
RU078324287=	BB-	5/24/2012	FTC
RU078397292=			
RU055267987=	Ba3	1/24/2013	MDY
RU055267987=	BB-	11/22/2013	FTC
RU089996970=	BB+	4/3/2013	S&P
RU089996970=	NR	6/20/2013	MDY
RU089996970=	BB	4/15/2013	FTC
RU083019123=	B2	10/30/2013	MDY
RU083019123=	B+	3/21/2013	FTC
RU080863691=	B3	10/30/2013	MDY
RU080863691=	B	3/21/2013	FTC
RU061984534=	B2	10/30/2013	MDY
RU061984534=	B+	3/21/2013	FTC
RU058521159=	B+	9/22/2011	S&P
RU058521159=	B1	2/28/2011	MDY
RU091159970=	B+	3/18/2013	S&P
RU091159970=	B1	4/5/2013	MDY
RU048420877=	BBB	4/22/2013	S&P
RU048420877=	Baa1	12/17/2013	MDY
RU048420877=	WD	2/24/2014	FTC
RU026190673=	BBB	4/22/2013	S&P
RU026190673=	Baa1	12/17/2013	MDY
RU026190673=	WD	2/24/2014	FTC
RU029253030=	BBB	4/22/2013	S&P
RU029253030=	Baa1	12/17/2013	MDY
RU029253030=	WD	2/24/2014	FTC
RU032496393=	BBB	4/22/2013	S&P
RU032496393=	Baa1	12/17/2013	MDY
RU032496393=	WD	2/24/2014	FTC
RU048420915=	BBB	4/22/2013	S&P
RU048420915=	Baa1	12/17/2013	MDY
RU048420915=	WD	2/24/2014	FTC
RU031136997=	B2	6/27/2007	MDY
RU028874766=	BBB	12/8/2008	S&P
RU028874766=	Baa1	9/13/2013	MDY
RU038143930=	BBB	12/8/2008	S&P
RU038143930=	Baa1	9/13/2013	MDY
RU094866677=			
RU092288331=	Baa3	4/25/2013	MDY
RU092288331=	BBB-	5/8/2013	FTC
RU100327376=	B+	11/28/2013	S&P
RU100327376=	Ba3	11/26/2013	MDY
RU100327376=	BB-	1/9/2014	FTC
RU071900975=	BBB	2/9/2012	S&P
RU071900975=	BBB	2/13/2012	FTC
RU055980012=	BBB	11/24/2010	S&P
RU055980012=	BBB	11/23/2010	FTC
RU089320518=	BBB	2/21/2013	S&P
RU089320518=	BBB	2/26/2013	FTC
RU052461081=	BBB	7/12/2010	S&P
RU052461081=	BBB	7/12/2010	FTC
RU080081707=	BBB	7/16/2012	S&P
RU080081707=	BBB	7/12/2012	FTC
RU089321239=	BBB	2/21/2013	S&P
RU089321239=	BBB	2/26/2013	FTC
RU055991596=	BBB	11/24/2010	S&P
RU055991596=	BBB	11/23/2010	FTC
RU099316217=	BBB	11/27/2013	S&P
RU099316217=	BBB	11/22/2013	FTC
RU099316268=	BBB	11/27/2013	S&P
RU099316268=	BBB	11/22/2013	FTC
RU063095087=	BBB	5/19/2011	S&P
RU063095087=	BBB	6/1/2011	FTC
RU058703095=	BB	4/20/2011	S&P
RU058703095=	Ba3	3/21/2011	MDY
RU025386183=	BB	4/20/2011	S&P
RU025386183=	Ba3	3/21/2011	MDY
RU064317644=	BB	8/8/2011	S&P
RU064317644=	Ba3	7/6/2011	MDY
RU088940202=	BB	2/6/2013	S&P
RU088940202=	Ba3	2/12/2013	MDY
RU036104180=	BB	4/20/2011	S&P
RU036104180=	Ba3	3/21/2011	MDY
RU088940105=	BB	2/12/2013	S&P
RU088940105=	Ba3	2/12/2013	MDY
RU058703109=	BB	4/20/2011	S&P
RU058703109=	Ba3	3/21/2011	MDY
RU064318322=	BB	6/22/2011	S&P
RU064318322=	Ba3	7/6/2011	MDY
RU088940172=	BB	2/6/2013	S&P
RU088940172=	Ba3	2/12/2013	MDY
RU030828780=			
RU099327995=	B+	11/8/2013	S&P
RU099327995=	B2	11/12/2013	MDY
RU090864947=			
RU091325748=			
LU093758439=			
RU063355739=	BBB	6/16/2011	S&P
RU063355739=	Baa2	7/5/2013	MDY
RU063355739=	WD	1/31/2014	FTC
RU061647864=			
RU061421319=	NR	8/19/2011	MDY
RU081973938=			
RU083785004=	WD	1/31/2014	FTC
RU020221810=			
RU049199813=	BBB	2/26/2010	S&P
RU049199813=	Baa2	7/5/2013	MDY
RU049199813=	WD	1/31/2014	FTC
RU080734069=	BBB	7/23/2012	S&P
RU080734069=	Baa2	7/5/2013	MDY
RU080734069=	WD	1/31/2014	FTC
RU023068311=	Ba1	7/5/2013	MDY
RU023068311=	BBB-	2/4/2009	FTC
RU084744131=	BBB	11/1/2012	S&P
RU084744131=	Baa2	7/5/2013	MDY
RU084744131=	WD	1/31/2014	FTC
RU069962971=	BBB	11/25/2011	S&P
RU069962971=	Baa2	7/5/2013	MDY
RU069962971=	WD	1/31/2014	FTC
RU024410528=	BBB	12/8/2008	S&P
RU024410528=	Baa2	7/5/2013	MDY
RU024410528=	WD	1/31/2014	FTC
RU062030844=			
RU082538330=	Baa2	7/5/2013	MDY
RU082538330=	WD	1/31/2014	FTC
RU077250948=	Baa2	7/5/2013	MDY
RU077250948=	WD	1/31/2014	FTC
RU086356929=	BBB	12/13/2012	S&P
RU086356929=	Baa2	7/5/2013	MDY
RU086356929=	WD	1/31/2014	FTC
RU059279459=	BBB	10/12/2011	S&P
RU059279459=	Baa2	7/5/2013	MDY
RU059279459=	WD	1/31/2014	FTC
RU036592397=	BBB	12/8/2008	S&P
RU036592397=	Baa2	7/5/2013	MDY
RU036592397=	BBB-	1/10/2014	FTC
RU054863365=	BBB	10/8/2010	S&P
RU054863365=	Baa2	7/5/2013	MDY
RU054863365=	WD	1/31/2014	FTC
RU084207853=	BBB-	10/17/2012	S&P
RU084207853=	Ba1	7/5/2013	MDY
RU084207853=	WD	1/31/2014	FTC
RU022371592=	BBB	12/8/2008	S&P
RU022371592=	Baa2	7/5/2013	MDY
RU022371592=	WD	1/31/2014	FTC
RU081059683=	NR	1/9/2013	MDY
IT047367115=	B	12/3/2013	S&P
IT047367115=	Caa1	12/13/2011	MDY
IT047367115=	B-	10/24/2013	FTC
LU043836226=	B+	12/3/2013	S&P
LU043836226=	B3	4/18/2013	MDY
LU043836226=	B	10/24/2013	FTC
IT056306587=	BB	12/3/2013	S&P
IT056306587=	Ba3	4/18/2013	MDY
IT056306587=	BB	10/24/2012	FTC
BM092346536=	BB	12/3/2013	S&P
BM092346536=	Ba3	7/26/2013	MDY
BM092346536=	BB	5/16/2013	FTC
/RU25068RMFS=MM	BBB+	9/14/2009	S&P
/RU25068RMFS=MM	Baa1	3/27/2013	MDY
/RU25068RMFS=MM	BBB	10/8/2009	FTC
/RU25071RMFS=MM	BBB+	7/6/2011	S&P
/RU25071RMFS=MM	Baa1	3/27/2013	MDY
/RU25071RMFS=MM	BBB	10/20/2010	FTC
/RU25075RMFS=MM	BBB+	7/6/2011	S&P
/RU25075RMFS=MM	Baa1	3/27/2013	MDY
/RU25075RMFS=MM	BBB	10/20/2010	FTC
/RU25076RMFS=MM	BBB+	5/24/2011	S&P
/RU25076RMFS=MM	Baa1	3/27/2013	MDY
/RU25076RMFS=MM	BBB	5/11/2011	FTC
/RU25077RMFS=MM	BBB+	5/24/2011	S&P
/RU25077RMFS=MM	Baa1	3/27/2013	MDY
/RU25077RMFS=MM	BBB	5/11/2011	FTC
/RU25079RMFS=MM	BBB+	8/13/2012	S&P
/RU25079RMFS=MM	Baa1	3/27/2013	MDY
/RU25079RMFS=MM	BBB	10/28/2011	FTC
/RU25080RMFS=MM	BBB+	8/13/2012	S&P
/RU25080RMFS=MM	Baa1	3/27/2013	MDY
/RU25080RMFS=MM	BBB	8/7/2012	FTC
/RU25081RMFS=MM	BBB+	2/13/2013	S&P
/RU25081RMFS=MM	Baa1	3/27/2013	MDY
/RU25081RMFS=MM	BBB	2/14/2013	FTC
/RU25082RMFS=MM	BBB+	5/15/2013	S&P
/RU25082RMFS=MM	Baa1	6/7/2013	MDY
/RU25082RMFS=MM	BBB	12/5/2013	FTC
/RU26202RMFS=MM	BBB+	7/6/2011	S&P
/RU26202RMFS=MM	Baa1	3/27/2013	MDY
/RU26202RMFS=MM	BBB	11/25/2009	FTC
/RU26203RMFS=MM	BBB+	7/6/2011	S&P
/RU26203RMFS=MM	Baa1	3/27/2013	MDY
/RU26203RMFS=MM	BBB	10/20/2010	FTC
/RU26204RMFS=MM	BBB+	5/24/2011	S&P
/RU26204RMFS=MM	Baa1	3/27/2013	MDY
/RU26204RMFS=MM	BBB	5/11/2011	FTC
/RU26205RMFS=MM	BBB+	5/24/2011	S&P
/RU26205RMFS=MM	Baa1	3/27/2013	MDY
/RU26205RMFS=MM	BBB	5/11/2011	FTC
/RU26206RMFS=MM	BBB+	8/13/2012	S&P
/RU26206RMFS=MM	Baa1	3/27/2013	MDY
/RU26206RMFS=MM	BBB	10/28/2011	FTC
/RU26207RMFS=MM	BBB+	8/13/2012	S&P
/RU26207RMFS=MM	Baa1	3/27/2013	MDY
/RU26207RMFS=MM	BBB	8/7/2012	FTC
/RU26208RMFS=MM	BBB+	8/13/2012	S&P
/RU26208RMFS=MM	Baa1	3/27/2013	MDY
/RU26208RMFS=MM	BBB	8/7/2012	FTC
/RU26209RMFS=MM	BBB+	8/13/2012	S&P
/RU26209RMFS=MM	Baa1	3/27/2013	MDY
/RU26209RMFS=MM	BBB	8/7/2012	FTC
/RU26210RMFS=MM	BBB+	1/30/2013	S&P
/RU26210RMFS=MM	Baa1	3/27/2013	MDY
/RU26210RMFS=MM	BBB	1/30/2013	FTC
/RU26211RMFS=MM	Baa1	3/27/2013	MDY
/RU26211RMFS=MM	BBB	1/30/2013	FTC
/RU26212RMFS=MM	Baa1	3/27/2013	MDY
/RU26212RMFS=MM	BBB	1/30/2013	FTC
/RU26214RMFS=MM	BBB+	6/10/2013	S&P
/RU26214RMFS=MM	Baa1	12/13/2013	MDY
/RU26214RMFS=MM	BBB	6/11/2013	FTC
/RU26215RMFS=MM	BBB+	12/4/2013	S&P
/RU26215RMFS=MM	Baa1	12/13/2013	MDY
/RU26215RMFS=MM	BBB	12/5/2013	FTC
/RU26216RMFS=MM	BBB+	12/4/2013	S&P
/RU26216RMFS=MM	Baa1	12/13/2013	MDY
/RU26216RMFS=MM	BBB	12/5/2013	FTC
/RU46005RMFS=MM	BBB+	12/8/2008	S&P
/RU46005RMFS=MM	Baa1	2/28/2014	MDY
/RU46005RMFS=MM	BBB	2/4/2009	FTC
/RU46007RMFS=MM	BBB+	12/8/2008	S&P
/RU46007RMFS=MM	Baa1	2/28/2014	MDY
/RU46007RMFS=MM	BBB	2/4/2009	FTC
/RU46008RMFS=MM	BBB+	12/8/2008	S&P
/RU46008RMFS=MM	Baa1	2/28/2014	MDY
/RU46009RMFS=MM	NR	2/14/2003	S&P
/RU46009RMFS=MM	Baa1	2/28/2014	MDY
/RU46009RMFS=MM	NR	2/14/2003	FTC
/RU46010RMFS=MM	BBB+	12/8/2008	S&P
/RU46010RMFS=MM	Baa1	2/28/2014	MDY
/RU46011RMFS=MM	BBB+	12/8/2008	S&P
/RU46011RMFS=MM	Baa1	2/28/2014	MDY
/RU46012RMFS=MM	BBB+	12/8/2008	S&P
/RU46012RMFS=MM	Baa1	2/28/2014	MDY
/RU46014RMFS=MM	BBB+	12/8/2008	S&P
/RU46014RMFS=MM	Baa1	3/27/2013	MDY
/RU46014RMFS=MM	BBB	2/4/2009	FTC
/RU46017RMFS=MM	BBB+	12/8/2008	S&P
/RU46017RMFS=MM	Baa1	3/27/2013	MDY
/RU46017RMFS=MM	BBB	8/7/2012	FTC
/RU46018RMFS=MM	BBB+	12/8/2008	S&P
/RU46018RMFS=MM	Baa1	3/27/2013	MDY
/RU46018RMFS=MM	BBB	8/7/2012	FTC
/RU46019RMFS=MM	BBB+	12/8/2008	S&P
/RU46019RMFS=MM	Baa1	2/28/2014	MDY
/RU46020RMFS=MM	BBB+	12/8/2008	S&P
/RU46020RMFS=MM	Baa1	3/27/2013	MDY
/RU46021RMFS=MM	BBB+	12/8/2008	S&P
/RU46021RMFS=MM	Baa1	3/27/2013	MDY
/RU46021RMFS=MM	BBB	8/7/2012	FTC
/RU46022RMFS=MM	BBB+	12/8/2008	S&P
/RU46022RMFS=MM	Baa1	3/27/2013	MDY
/RU46022RMFS=MM	BBB	8/7/2012	FTC
/RU46023RMFS=MM	BBB+	8/13/2012	S&P
/RU46023RMFS=MM	Baa1	3/27/2013	MDY
/RU46023RMFS=MM	BBB	10/28/2011	FTC
/RU48001RMFS=MM	BBB+	12/8/2008	S&P
/RU48001RMFS=MM	Baa1	2/28/2014	MDY
/RU000A0JQGW2=MM			
/RU000A0JQ9U9=MM	BB	8/19/2009	S&P
/RU000A0JQ9U9=MM	BB-	10/9/2009	FTC
/RU000A0JQL30=MM	BB	12/7/2009	S&P
/RU000A0JQL30=MM	BB-	3/25/2011	FTC
/RU000A0JRBU5=MM	BB-	3/25/2011	FTC
/RU000A0JR5F7=MM	Baa1	4/2/2013	MDY
/RU000A0JU3G5=MM	Baa1	9/9/2013	MDY
/RU000A0JS1A6=MM			
/RU000A0JTCV7=MM			
/RU000A0JUBT1=MM			
/RU000A0JPJE6=MM	Baa1	4/2/2013	MDY
/RU000A0JPLU8=MM	Baa1	4/2/2013	MDY
/RU000A0JQAG8=MM	Baa1	4/2/2013	MDY
/RU000A0JQAL8=MM	Baa1	4/2/2013	MDY
/RU000A0JQAM6=MM	Baa1	4/2/2013	MDY
/RU000A0JQXG0=MM	Baa1	4/2/2013	MDY
/RU000A0JRDY3=MM	Baa1	4/2/2013	MDY
/RU000A0JRF37=MM	Baa1	4/2/2013	MDY
/RU000A0JU3J9=MM	Baa1	9/9/2013	MDY
/RU000A0JS1B4=MM			
/RU000A0JTD52=MM			
/RU000A0JUC19=MM			
/RU000A0JR6S8=MM	Baa1	4/2/2013	MDY
/RU000A0JS488=MM	Baa1	4/2/2013	MDY
/RU000A0JS5S9=MM	Baa1	4/2/2013	MDY
/RU000A0JRYW3=MM	Baa1	4/2/2013	MDY
/RU000A0JTDX1=MM	Baa1	4/2/2013	MDY
/RU000A0JTW83=MM	Baa1	5/13/2013	MDY
/RU000A0JTZF1=MM	Baa1	7/18/2013	MDY
/RU000A0JTYR9=MM	Baa1	7/1/2013	MDY
/RU000A0GKNF2=MM	Baa1	4/2/2013	MDY
/RU000A0JNPJ7=MM	Baa1	4/2/2013	MDY
/RU000A0JNPK5=MM	Baa1	4/2/2013	MDY
/RU000A0JP1V5=MM	Baa1	4/2/2013	MDY
/RU000A0JU5T3=MM	Baa1	9/23/2013	MDY
/RU000A0JP8D8=MM	A3	5/24/2007	MDY
/RU000A0JPN21=MM	A3	6/14/2013	MDY
/RU000A0JPN39=MM	Baa3	11/21/2012	MDY
/RU000A0JQ276=MM	A3	6/14/2013	MDY
/RU000A0JQY35=MM			
/RU000A0JRMV0=MM	BBB	6/18/2013	S&P
/RU000A0JRMV0=MM	A3	10/1/2013	MDY
/RU000A0JRMW8=MM	BBB-	6/18/2013	S&P
/RU000A0JRMW8=MM	Baa1	10/1/2013	MDY
/RU000A0JSGW8=MM	A3	10/1/2013	MDY
/RU000A0JSKJ7=MM			
/RU000A0JT692=MM	B1	12/10/2013	MDY
/RU000A0JT692=MM	BB-	8/22/2013	FTC
/RU000A0JTRL6=MM	B1	12/12/2013	MDY
/RU000A0JTRL6=MM	BB-	8/22/2013	FTC
/RU000A0JU310=MM	B1	12/10/2013	MDY
/RU000A0JU310=MM	BB-	8/22/2013	FTC
/RU000A0JU2T0=MM	Ba1	11/27/2013	MDY
/RU000A0JU2T0=MM	BBB-	8/27/2013	FTC
/RU000A0JQVK6=MM	BB-	10/19/2010	S&P
/RU000A0JQX02=MM	BB-	10/19/2010	S&P
/RU000A0JQXE5=MM	BB-	10/19/2010	S&P
/RU000A0JQX10=MM			
/RU000A0JTA48=MM	WD	4/8/2013	FTC
/RU000A0JTA55=MM	WD	4/8/2013	FTC
/RU000A0JTN43=MM	B2	10/29/2013	MDY
/RU000A0JRNJ3=MM			
/RU000A0JTXR1=MM	B	5/31/2013	FTC
/RU000A0JRXT1=MM			
/RU000A0JS5N0=MM			
/RU000A0JS2Q0=MM			
/RU000A0JTTC1=MM	BB-	4/18/2013	FTC
/RU000A0JTEM2=MM			
/RU000A0JSL87=MM			
/RU000A0JRHF3=MM	B1	6/15/2011	MDY
/RU000A0JRHF3=MM	B+	6/1/2011	FTC
/RU000A0JRHG1=MM	B1	6/15/2011	MDY
/RU000A0JRHG1=MM	B+	6/1/2011	FTC
/RU000A0JT5E8=MM	B1	10/18/2012	MDY
/RU000A0JT5E8=MM	B+	10/17/2012	FTC
/RU000A0JTDU7=MM	CCC	2/24/2014	S&P
/RU000A0JTDU7=MM	CCC	2/14/2014	FTC
/RU000A0JR7S6=MM	BB+	12/27/2012	S&P
/RU000A0JR7S6=MM	Ba1	4/2/2013	MDY
/RU000A0JR7S6=MM	BBB-	7/13/2012	FTC
/RU000A0JRZB4=MM	Ba1	4/2/2013	MDY
/RU000A0JRZB4=MM	BBB-	7/13/2012	FTC
/RU000A0JT213=MM	Ba1	4/2/2013	MDY
/RU000A0JT213=MM	BBB-	10/23/2012	FTC
/RU000A0JU849=MM	Ba1	11/27/2013	MDY
/RU000A0JU849=MM	BBB-	2/13/2014	FTC
/RU000A0JSW35=MM	Ba1	4/2/2013	MDY
/RU000A0JTP41=MM	Ba1	11/27/2013	MDY
/RU000A0JTP41=MM	BBB-	3/6/2013	FTC
/RU000A0JQYU9=MM	B	8/2/2010	FTC
/RU000A0JRJV6=MM	B	6/16/2011	FTC
/RU000A0JRK22=MM	B	6/16/2011	FTC
/RU000A0JTZH7=MM			
/RU000A0JSEU7=MM			
/RU000A0JQZ59=MM			
/RU000A0JTKS6=MM	B2	5/23/2013	MDY
/RU000A0JRYJ0=MM	BBB	4/30/2013	FTC
/RU000A0JP8V0=MM	WD	1/15/2014	FTC
/RU000A0JS7F2=MM	B2	10/29/2013	MDY
/RU000A0JU7X1=MM	Ba3	10/24/2013	MDY
/RU000A0JU7X1=MM	BB-	11/11/2013	FTC
/RU000A0JS116=MM			
/RU000A0JU0N7=MM			
/RU000A0JRZ74=MM			
/RU000A0JRKX0=MM	BB	6/30/2011	FTC
/RU000A0JRCD9=MM			
/RU000A0JR0W3=MM	B3	2/26/2014	MDY
/RU000A0JTJ07=MM			
/RU000A0JU6B9=MM			
/RU000A0JU7W3=MM	Ba1	12/13/2013	MDY
/RU000A0JU7W3=MM	WD	1/31/2014	FTC
/RU000A0JTXP5=MM	Baa2	7/5/2013	MDY
/RU000A0JTXQ3=MM	Baa2	7/5/2013	MDY
/RU000A0JTY40=MM	Ba3	6/4/2013	MDY
/RU000A0JTY40=MM	BB-	11/11/2013	FTC
/RU000A0JQ789=MM	Ba3	11/17/2010	MDY
/RU000A0JQ789=MM	BB-	11/15/2013	FTC
/RU000A0JSVF2=MM	Ba3	10/5/2012	MDY
/RU000A0JSVF2=MM	BB-	11/11/2013	FTC
/RU000A0JRW36=MM	Ba3	11/28/2011	MDY
/RU000A0JRW36=MM	BB-	11/11/2013	FTC
/RU000A0JS397=MM	Ba3	2/20/2012	MDY
/RU000A0JS397=MM	BB-	11/11/2013	FTC
/RU000A0JS3P0=MM	Ba3	2/20/2012	MDY
/RU000A0JS3P0=MM	BB-	11/11/2013	FTC
/RU000A0JRHD8=MM	Ba3	8/12/2011	MDY
/RU000A0JRHD8=MM	BB-	11/11/2013	FTC
/RU000A0JS6L2=MM	Ba3	4/23/2012	MDY
/RU000A0JS6L2=MM	BB-	11/11/2013	FTC
/RU000A0JTKK3=MM	Ba1	12/13/2013	MDY
/RU000A0JTKK3=MM	WD	1/31/2014	FTC
/RU000A0JQNR8=MM	BB	5/8/2013	FTC
/RU000A0JQNS6=MM	BB	5/8/2013	FTC
/RU000A0JQNH9=MM	BB	5/8/2013	FTC
/RU000A0JS3U0=MM	BB	5/8/2013	FTC
/RU000A0JTM28=MM	BB	5/8/2013	FTC
/RU000A0JTM36=MM	BB	5/8/2013	FTC
/RU000A0JTM44=MM	BB	5/8/2013	FTC
/RU000A0JTM51=MM	BB	5/8/2013	FTC
/RU000A0JRYS1=MM	BB	5/8/2013	FTC
/RU000A0JTFV0=MM			
/RU000A0JT3P9=MM	BB-	10/3/2013	FTC
/RU000A0JPQY9=MM			
/RU000A0JTHK9=MM			
/RU000A0JTHL7=MM			
/RU000A0JTU93=MM			
/RU000A0JSAK6=MM			
/RU000A0JU4W0=MM	Ba3	10/8/2013	MDY
/RU000A0JU4W0=MM	BB-	9/25/2013	FTC
/RU000A0JRFR2=MM	Ba3	10/3/2013	MDY
/RU000A0JRFR2=MM	BB-	5/3/2011	FTC
/RU000A0JRVA5=MM	Ba3	10/3/2013	MDY
/RU000A0JRVA5=MM	BB-	2/24/2012	FTC
/RU000A0JT3Q7=MM	Ba3	10/3/2013	MDY
/RU000A0JT3Q7=MM	BB-	10/15/2012	FTC
/RU000A0JTMY0=MM	Ba3	10/3/2013	MDY
/RU000A0JTMY0=MM	BB-	2/21/2013	FTC
/RU000A0JTVD5=MM	Ba3	10/3/2013	MDY
/RU000A0JTVD5=MM	BB-	5/7/2013	FTC
/RU000A0JTX33=MM			
/RU000A0JTX41=MM			
/RU000A0JTY24=MM			
/RU000A0JSPX7=MM	Baa3	10/28/2013	MDY
/RU000A0JSPX7=MM	BBB+	11/30/2012	FTC
/RU000A0JRVQ1=MM	Baa2	6/25/2012	MDY
/RU000A0JRVQ1=MM	WD	6/18/2013	FTC
/RU000A0JS6M0=MM	Baa3	10/28/2013	MDY
/RU000A0JS6M0=MM	BBB+	10/25/2013	FTC
/RU000A0JU0A4=MM	Baa2	3/7/2013	MDY
/RU000A0JTT62=MM	Baa3	3/29/2013	MDY
/RU000A0JU4X8=MM			
/RU000A0JRK55=MM	Baa2	6/25/2012	MDY
/RU000A0JRK55=MM	WD	6/18/2013	FTC
/RU000A0JTF43=MM			
/RU000A0JRPJ8=MM			
/RU000A0JU0B2=MM			
/RU000A0GKGF6=MM			
/RU000A0JR050=MM			
/RU000A0JR043=MM			
/RU000A0JQH85=MM			
/RU000A0JR0Q5=MM	A3	7/26/2011	MDY
/RU000A0JQ6D1=MM	AAA	7/28/2009	FTC
/RU000A0JQ4Z9=MM	AAA	4/28/2009	FTC
/RU000A0JR183=MM			
/RU000A0JR191=MM			
/RU000A0JR1A7=MM			
/RU000A0JRHE6=MM			
/RU000A0JRSV7=MM			
/RU000A0JUD00=MM			
/RU000A0JUD34=MM			
/RU000A0JTFR8=MM			
/RU000A0JQBM4=MM	B	8/16/2012	S&P
/RU000A0JSXR3=MM			
/RU000A0JRKW2=MM			
/RU000A0JQWB3=MM			
/RU000A0JQTD5=MM	B+	3/11/2011	S&P
/RU000A0JR3P1=MM	B+	3/11/2011	S&P
/RU000A0JQTQ7=MM	B+	3/11/2011	S&P
/RU000A0JR3Q9=MM	B+	3/11/2011	S&P
/RU000A0JRJW4=MM	B+	11/24/2011	S&P
/RU000A0JRJM5=MM	B+	11/24/2011	S&P
/RU000A0JS8Y1=MM			
/RU000A0JS8Z8=MM			
/RU000A0JS900=MM			
/RU000A0JS8X3=MM			
/RU000A0JQXQ9=MM	BB	8/10/2010	FTC
/RU000A0JR4Z8=MM	BB	1/21/2011	S&P
/RU000A0JR4Z8=MM	BB	11/25/2010	FTC
/RU000A0JR6N9=MM			
/RU000A0JR6P4=MM			
/RU000A0JRVM0=MM			
/RU000A0JTHY0=MM	Baa2	10/1/2013	MDY
/RU000A0JT9S0=MM	BB	6/11/2013	FTC
/RU000A0JTPG0=MM			
/RU000A0JTT13=MM	BB	6/11/2013	FTC
/RU000A0JU6G8=MM	BB	10/2/2013	FTC
/RU000A0JTZG9=MM	B	8/1/2013	FTC
/RU000A0JUDX9=MM			
/RU000A0JTD37=MM			
/RU000A0JTH82=MM			
/RU000A0JRTW3=MM			
/RU000A0JS264=MM			
/RU000A0JT3J2=MM			
/RU000A0JR217=MM			
/RU000A0JR3L0=MM			
/RU000A0JS7H8=MM			
/RU000A0JRL96=MM			
/RU000A0JRUS9=MM			
/RU000A0JRZK5=MM			
/RU000A0JRMX6=MM			
/RU000A0JT7T2=MM			
/RU000A0JSQ58=MM			
/RU000A0JTYJ6=MM			
/RU000A0JTKA4=MM			
/RU000A0JT2K2=MM			
/RU000A0JU2K9=MM			
/RU000A0JU2L7=MM			
/RU000A0JTYK4=MM			
/RU000A0JU7S1=MM			
/RU000A0JUC92=MM			
/RU000A0JUCA9=MM			
/RU000A0JR1Y7=MM			
/RU000A0JR1Z4=MM			
/RU000A0JR209=MM			
/RU000A0JR3M8=MM			
/RU000A0JT7U0=MM			
/RU000A0JQFP8=MM			
/RU000A0JU6S3=MM			
/RU000A0JS8R5=MM			
/RU000A0JU5Z0=MM	Baa3	10/21/2013	MDY
/RU000A0JU5Z0=MM	BBB-	9/30/2013	FTC
/RU000A0JS3V8=MM	B-	10/31/2013	S&P
/RU000A0JTKY4=MM	B-	10/31/2013	S&P
/RU000A0JTZ31=MM			
/RU000A0JU8V3=MM			
/RU000A0JUD42=MM	BB	12/31/2013	FTC
/RU000A0JRN86=MM	BB-	11/26/2013	S&P
/RU000A0JRN86=MM	BB	8/5/2011	FTC
/RU000A0JRN78=MM	BB-	11/26/2013	S&P
/RU000A0JRN78=MM	BB	8/5/2011	FTC
/RU000A0JTDW3=MM	BB-	11/26/2013	S&P
/RU000A0JTDW3=MM	BB	12/6/2012	FTC
/RU000A0JRFZ5=MM	Baa2	6/20/2011	MDY
/RU000A0JP518=MM	BB	2/4/2009	FTC
/RU000A0JTKB2=MM			
/RU000A0JTKM9=MM			
/RU000A0JU5S5=MM			
/RU000A0JU609=MM			
/RU000A0JQ4W6=MM			
/RU000A0JQ540=MM			
/RU000A0JR878=MM	BBB-	2/1/2011	S&P
/RU000A0JR878=MM	BBB	10/29/2013	FTC
/RU000A0JS3B0=MM	BBB	10/29/2013	FTC
/RU000A0JTDY9=MM	BBB	10/29/2013	FTC
/RU000A0JQ557=MM	BBB-	4/17/2009	S&P
/RU000A0JR852=MM	BBB-	2/1/2011	S&P
/RU000A0JR852=MM	BBB	10/29/2013	FTC
/RU000A0JR860=MM	BBB-	2/1/2011	S&P
/RU000A0JR860=MM	BBB	10/29/2013	FTC
/RU000A0JQ6T7=MM	BBB	7/10/2009	S&P
/RU000A0JTNB6=MM	BBB	2/21/2013	S&P
/RU000A0JTNB6=MM	Baa1	2/17/2014	MDY
/RU000A0JTNB6=MM	BBB	7/30/2013	FTC
/RU000A0JTNC4=MM	BBB	2/21/2013	S&P
/RU000A0JTNC4=MM	Baa1	2/17/2014	MDY
/RU000A0JTNC4=MM	BBB	7/30/2013	FTC
/RU000A0JTND2=MM	BBB	2/21/2013	S&P
/RU000A0JTND2=MM	Baa1	2/17/2014	MDY
/RU000A0JTND2=MM	BBB	7/30/2013	FTC
/RU000A0JT6D8=MM	Baa3	4/2/2013	MDY
/RU000A0JT6D8=MM	BBB-	7/9/2013	FTC
/RU000A0JT6G1=MM	Baa3	4/2/2013	MDY
/RU000A0JT6G1=MM	BBB-	7/9/2013	FTC
/RU000A0JT6J5=MM	Baa3	4/2/2013	MDY
/RU000A0JT6J5=MM	BBB-	7/9/2013	FTC
/RU000A0JT767=MM	Baa3	4/2/2013	MDY
/RU000A0JT767=MM	BBB-	7/9/2013	FTC
/RU000A0JU1X4=MM	BBB-	8/8/2013	S&P
/RU000A0JU1X4=MM	Baa3	8/13/2013	MDY
/RU000A0JU1X4=MM	BBB-	8/8/2013	FTC
/RU000A0JU7Y9=MM	Baa3	11/29/2013	MDY
/RU000A0JU7Y9=MM	BBB-	10/28/2013	FTC
/RU000A0JSD38=MM	Baa3	4/2/2013	MDY
/RU000A0JSD38=MM	BBB-	7/9/2013	FTC
/RU000A0JRMP2=MM	BBB-	8/28/2012	S&P
/RU000A0JRMP2=MM	Baa3	4/2/2013	MDY
/RU000A0JRMP2=MM	BBB-	7/9/2013	FTC
/RU000A0JS322=MM	BBB-	8/28/2012	S&P
/RU000A0JS322=MM	Baa3	4/2/2013	MDY
/RU000A0JS322=MM	BBB-	7/9/2013	FTC
/RU000A0JS173=MM	BBB-	8/28/2012	S&P
/RU000A0JS173=MM	Baa3	4/2/2013	MDY
/RU000A0JS173=MM	BBB-	7/9/2013	FTC
/RU000A0JU807=MM			
/RU000A0JR4U9=MM			
/RU000A0JTFB2=MM			
/RU000A0JTB96=MM			
/RU000A0JRB31=MM			
/RU000A0JQ6A7=MM	NR	9/1/2011	S&P
/RU000A0JQ6A7=MM	Ba3	10/4/2013	MDY
/RU000A0JQ6A7=MM	BB	3/21/2013	FTC
/RU000A0JQV12=MM	NR	9/1/2011	S&P
/RU000A0JQV12=MM	Ba3	10/4/2013	MDY
/RU000A0JQV12=MM	BB	3/21/2013	FTC
/RU000A0JRFK7=MM	Ba3	10/4/2013	MDY
/RU000A0JRFK7=MM	BB	3/21/2013	FTC
/RU000A0JTPN6=MM	BB	3/21/2013	FTC
/RU000A0JRFJ9=MM	Ba3	10/4/2013	MDY
/RU000A0JRFJ9=MM	BB	3/21/2013	FTC
/RU000A0JUAW7=MM	BBB	11/28/2013	S&P
/RU000A0JS7J4=MM			
/RU000A0JU8S9=MM			
/RU000A0JU2J1=MM			
/RU000A0JTHU8=MM	Baa3	12/28/2012	MDY
/RU000A0JUG15=MM	Baa3	2/18/2014	MDY
/RU000A0JTSV3=MM	Baa3	3/28/2013	MDY
/RU000A0JUCP7=MM			
/RU000A0JTFA4=MM			
/RU000A0JTQF0=MM			
/RU000A0JTD45=MM	Baa3	11/27/2012	MDY
/RU000A0JU0Y4=MM	Baa3	7/19/2013	MDY
/RU000A0JQC15=MM			
/RU000A0JTG91=MM	Baa2	10/1/2013	MDY
/RU000A0JUCX1=MM			
/RU000A0JTZ98=MM	A3	6/21/2013	MDY
/RU000A0JUDD1=MM			
/RU000A0JSF02=MM	Baa3	7/17/2012	MDY
/RU000A0JS215=MM	Baa2	12/28/2011	MDY
/RU000A0JUEJ6=MM	Baa2	2/13/2014	MDY
/RU000A0JTFT4=MM	Baa1	12/28/2012	MDY
/RU000A0JT387=MM			
/RU000A0JU8X9=MM			
/RU000A0JRMD8=MM	Baa2	6/18/2012	MDY
/RU000A0JRMD8=MM	BBB+	11/18/2013	FTC
/RU000A0JRVS7=MM	Baa2	6/18/2012	MDY
/RU000A0JRVS7=MM	BBB+	11/18/2013	FTC
/RU000A0JS1H1=MM			
/RU000A0JU7V5=MM			
/RU000A0JUE66=MM			
/RU000A0JS9U7=MM			
/RU000A0JRWE5=MM			
/RU000A0JU682=MM			
/RU000A0JQUL6=MM			
/RU000A0JQ763=MM			
/RU000A0JS6B3=MM			
/RU000A0JT8E2=MM			
/RU000A0JS6V1=MM			
/RU000A0JU1A2=MM			
/RU000A0JU559=MM			
/RU000A0JU5B1=MM	Baa3	9/13/2013	MDY
/RU000A0JTZN5=MM	Baa3	7/2/2013	MDY
/RU000A0JU9Q1=MM	Baa3	11/12/2013	MDY
/RU000A0JUA45=MM			
/RU000A0JRED5=MM			
/RU000A0JT3A1=MM			
/RU000A0JR605=MM			
/RU000A0JS8Q7=MM			
/RU000A0JTT96=MM			
/RU000A0JRFA8=MM			
/RU000A0JQPQ5=MM			
/RU000A0JS744=MM	BB-	6/11/2013	FTC
/RU000A0JTW91=MM	BB-	6/11/2013	FTC
/RU000A0JTZ56=MM			
/RU000A0JRKP6=MM	B2	6/28/2013	MDY
/RU000A0JRJ09=MM			
/RU000A0JS7E5=MM			
/RU000A0JR696=MM	B+	12/9/2011	S&P
/RU000A0JR696=MM	B+	9/19/2012	FTC
/RU000A0JTW42=MM	B+	4/29/2013	FTC
/RU000A0JU5A3=MM	B+	9/3/2013	S&P
/RU000A0JU5A3=MM	B+	9/16/2013	FTC
/RU000A0JREA1=MM			
/RU000A0JRKN1=MM			
/RU000A0JRFX0=MM			
/RU000A0JUA94=MM			
/RU000A0JTMR4=MM	B+	2/15/2013	FTC
/RU000A0JSRR5=MM	B+	8/15/2012	FTC
/RU000A0JS6P3=MM			
/RU000A0JUD59=MM			
/RU000A0JSZM9=MM			
/RU000A0JT8Z7=MM			
/RU000A0JRCC1=MM	B	4/4/2011	FTC
/RU000A0JRN45=MM	B	8/1/2011	FTC
/RU000A0JSAC3=MM			
/RU000A0JTFX6=MM	B+	7/29/2013	S&P
/RU000A0JS785=MM			
/RU000A0JTVA1=MM			
/RU000A0JTR72=MM			
/RU000A0JTR80=MM			
/RU000A0JTQB9=MM			
/RU000A0JQYJ2=MM	B2	11/22/2010	MDY
/RU000A0JQYJ2=MM	B+	10/22/2010	FTC
/RU000A0JU153=MM	B+	7/24/2013	FTC
/RU000A0JTZ64=MM	BB	6/20/2013	FTC
/RU000A0JPQA9=MM	Ba3	12/13/2013	MDY
/RU000A0JR6H1=MM	Ba3	12/13/2013	MDY
/RU000A0JS0W2=MM	Ba3	12/13/2013	MDY
/RU000A0JS0W2=MM	WD	3/21/2013	FTC
/RU000A0JTLJ3=MM			
/RU000A0JTLL9=MM			
/RU000A0JS6K4=MM			
/RU000A0JT3S3=MM			
/RU000A0JU575=MM			
/RU000A0JSLP2=MM			
/RU000A0JSLQ0=MM			
/RU000A0JSLR8=MM			
/RU000A0JPFF1=MM			
/RU000A0JPW46=MM	Ba2	2/19/2014	MDY
/RU000A0JU9D9=MM			
/RU000A0JQTF0=MM			
/RU000A0JTF50=MM	WD	4/2/2013	FTC
/RU000A0JTPD7=MM			
/RU000A0JQY50=MM	B1	5/30/2013	MDY
/RU000A0JQY50=MM	BB	11/11/2013	FTC
/RU000A0JQU70=MM	B1	5/30/2013	MDY
/RU000A0JQU70=MM	BB	11/11/2013	FTC
/RU000A0JT1F4=MM	B1	5/30/2013	MDY
/RU000A0JT1F4=MM	BB	11/11/2013	FTC
/RU000A0JS7G0=MM	B1	5/30/2013	MDY
/RU000A0JS7G0=MM	BB	11/11/2013	FTC
/RU000A0JRER5=MM	B1	5/30/2013	MDY
/RU000A0JRER5=MM	BB	11/11/2013	FTC
/RU000A0JRKG5=MM	B1	5/30/2013	MDY
/RU000A0JRKG5=MM	BB	11/11/2013	FTC
/RU000A0JU8W1=MM	B1	10/25/2013	MDY
/RU000A0JU880=MM	B1	10/25/2013	MDY
/RU000A0JU880=MM	BB	11/11/2013	FTC
/RU000A0JTDP7=MM			
/RU000A0JRM87=MM			
/RU000A0JRMZ1=MM			
/RU000A0JT9D2=MM			
/RU000A0JTMD4=MM			
/RU000A0JT0U5=MM			
/RU000A0JTYS7=MM			
/RU000A0JTQJ2=MM			
/RU000A0JT601=MM			
/RU000A0JTG26=MM			
/RU000A0JTKL1=MM			
/RU000A0JQAR5=MM			
/RU000A0JS5R1=MM	BBB+	3/23/2012	S&P
/RU000A0JS5R1=MM	Baa2	4/2/2013	MDY
/RU000A0JS603=MM	Baa2	4/2/2013	MDY
/RU000A0JU1H7=MM	Baa2	8/29/2013	MDY
/RU000A0JU1J3=MM	Baa2	8/29/2013	MDY
/RU000A0JUAK2=MM	Baa2	12/17/2013	MDY
/RU000A0JUAL0=MM	Baa2	12/17/2013	MDY
/RU000A0JQ0E2=MM	BB+	7/25/2013	S&P
/RU000A0JQ0E2=MM	BB+	11/20/2008	FTC
/RU000A0JPTJ4=MM	BB+	7/25/2013	S&P
/RU000A0JPTJ4=MM	BB+	6/27/2008	FTC
/RU000A0JQ5E1=MM	BB+	7/25/2013	S&P
/RU000A0JQ5E1=MM	BB+	9/11/2012	FTC
/RU000A0JQ8Q9=MM	BB+	7/25/2013	S&P
/RU000A0JQ8Q9=MM	BB+	9/11/2012	FTC
/RU000A0JR4H6=MM	BB+	11/19/2010	FTC
/RU000A0JR4J2=MM	BB+	11/19/2010	FTC
/RU000A0JTTA5=MM	BB+	6/3/2013	FTC
/RU000A0JQ6C3=MM	B1	7/3/2013	MDY
/RU000A0JTXY7=MM			
/RU000A0JTP09=MM			
/RU000A0JR142=MM			
/RU000A0JR159=MM			
/RU000A0JR9N3=MM			
/RU000A0JRFQ4=MM			
/RU000A0JT171=MM			
/RU000A0JTT21=MM			
/RU000A0JTT39=MM			
/RU000A0JTY65=MM			
/RU000A0JR0K8=MM			
/RU000A0JR0J0=MM			
/RU000A0JR8L9=MM			
/RU000A0JR8P0=MM			
/RU000A0JRJS2=MM			
/RU000A0JRJT0=MM			
/RU000A0JRJY0=MM			
/RU000A0JQ8V9=MM			
/RU000A0JS6G2=MM			
/RU000A0JS6H0=MM			
/RU000A0JS3R6=MM			
/RU000A0JS6E7=MM			
/RU000A0JS6F4=MM			
/RU000A0JS6J6=MM			
/RU000A0JRPK6=MM			
/RU000A0JT4G6=MM	BBB-	9/28/2012	S&P
/RU000A0JT4G6=MM	BB+	7/8/2013	FTC
/RU000A0JTR98=MM	BB+	7/8/2013	FTC
/RU000A0JTRA9=MM	BB+	7/8/2013	FTC
/RU000A0JS9F8=MM			
/RU000A0JS5B5=MM			
/RU000A0JS5A7=MM			
/RU000A0JS5L4=MM			
/RU000A0JRNG9=MM	B2	5/22/2012	MDY
/RU000A0JTW00=MM			
/RU000A0JU3U6=MM			
/RU000A0JTKN7=MM			
/RU000A0JSX91=MM			
/RU000A0JS587=MM			
/RU000A0JRNR6=MM	B	5/1/2013	FTC
/RU000A0JTVK0=MM	B	5/1/2013	FTC
/RU000A0GN9B5=MM			
/RU000A0JQLM3=MM			
/RU000A0JQUT9=MM	WR	5/22/2012	MDY
/RU000A0JREV7=MM	B3	4/15/2011	MDY
/RU000A0JU7Q5=MM	B3	10/28/2013	MDY
/RU000A0JQ6E9=MM	WR	1/13/2014	MDY
/RU000A0JQ6F6=MM	Baa2	11/21/2012	MDY
/RU000A0JSZU2=MM			
/RU000A0JTED1=MM			
/RU000A0JU294=MM			
/RU000A0JS1C2=MM			
/RU000A0JS1D0=MM			
/RU000A0JSY74=MM			
/RU000A0JRW10=MM			
/RU000A0JS7L0=MM			
/RU000A0JQZT8=MM	Ba3	4/16/2013	MDY
/RU000A0JQZT8=MM	BB-	8/2/2013	FTC
/RU000A0JTTG2=MM	B2	9/27/2013	MDY
/RU000A0JU7P7=MM	B2	11/29/2013	MDY
/RU000A0JT502=MM	BBB-	10/17/2012	S&P
/RU000A0JT502=MM	BBB-	10/16/2012	FTC
/RU000A0JT536=MM	BBB-	10/17/2012	S&P
/RU000A0JT536=MM	BBB-	10/16/2012	FTC
/RU000A0JT544=MM	BBB-	10/17/2012	S&P
/RU000A0JT544=MM	BBB-	10/16/2012	FTC
/RU000A0JTU44=MM	B2	9/26/2013	MDY
/RU000A0JT486=MM	B2	9/26/2013	MDY
/RU000A0JQ5C5=MM			
/RU000A0JS4S2=MM	B1	4/26/2013	MDY
/RU000A0JS4T0=MM	B1	4/26/2013	MDY
/RU000A0JRGA6=MM	B3	10/3/2012	MDY
/RU000A0JR9F9=MM	B3	10/3/2012	MDY
/RU000A0JRKU6=MM			
/RU000A0JRKV4=MM			
/RU000A0JU0U2=MM	B3	7/22/2013	MDY
/RU000A0JTS30=MM			
/RU000A0JU1W6=MM			
/RU000A0JTX74=MM			
/RU000A0JS6Z2=MM			
/RU000A0JQ748=MM	Ba3	4/16/2013	MDY
/RU000A0JQ748=MM	BB-	8/2/2013	FTC
/RU000A0JRTX1=MM	Ba3	4/16/2013	MDY
/RU000A0JRTX1=MM	BB-	8/2/2013	FTC
/RU000A0JSQF2=MM	BB-	8/2/2013	FTC
/RU000A0JTZT2=MM	Ba3	8/15/2013	MDY
/RU000A0JTZT2=MM	BB-	8/2/2013	FTC
/RU000A0JTPV9=MM			
/RU000A0JTPX5=MM			
/RU000A0JTPY3=MM			
/RU000A0JQXS5=MM	B1	4/26/2013	MDY
/RU000A0JRL88=MM	B2	9/26/2013	MDY
/RU000A0JU1Y2=MM			
/RU000A0JQKG7=MM			
/RU000A0JTFU2=MM	B+	12/18/2012	FTC
/RU000A0JU7J0=MM	B+	10/15/2013	FTC
/RU000A0JU2F9=MM	B+	7/1/2013	S&P
/RU000A0JS3Q8=MM	BB	2/24/2012	FTC
/RU000A0JTX09=MM			
/RU000A0JU2N3=MM			
/RU000A0JRCU3=MM			
/RU000A0JRN37=MM	BB	8/15/2011	FTC
/RU000A0JRV86=MM	BB	3/23/2012	FTC
/RU000A0JRV94=MM	BB	11/15/2011	FTC
/RU000A0JUBD5=MM			
/RU000A0JRA65=MM			
/RU000A0JTV50=MM	B	5/14/2013	FTC
/RU000A0JTV92=MM			
/RU000A0JR8Q8=MM			
/RU000A0JRKQ4=MM			
/RU000A0JTG83=MM			
/RU000A0JQC31=MM			
/RU000A0JS777=MM			
/RU000A0JRWB1=MM			
/RU000A0JREP9=MM	B3	10/4/2013	MDY
/RU000A0JT1E7=MM	B3	10/4/2013	MDY
/RU000A0JS4V6=MM	B1	11/6/2013	MDY
/RU000A0JSTP5=MM	B1	11/6/2013	MDY
/RU000A0JSTQ3=MM	B1	11/6/2013	MDY
/RU000A0JQM39=MM	B+	12/29/2009	S&P
/RU000A0JQM39=MM	B1	11/6/2013	MDY
/RU000A0JU872=MM			
/RU000A0JRTQ5=MM			
/RU000A0JRD47=MM	BBB	9/26/2012	FTC
/RU000A0JT8N3=MM	BBB	11/5/2012	FTC
/RU000A0JT8R4=MM	BBB	11/5/2012	FTC
/RU000A0JT8T0=MM	BBB	11/5/2012	FTC
/RU000A0JR9Z7=MM			
/RU000A0JTER1=MM			
/RU000A0JU179=MM			
/RU000A0JS1J7=MM			
/RU000A0JSWU9=MM	B-	11/1/2012	FTC
/RU000A0JU3S0=MM			
/RU000A0JU3R2=MM			
/RU000A0JQY92=MM	NR	12/4/2013	S&P
/RU000A0JS1G3=MM			
/RU000A0JQMJ7=MM			
/RU000A0JS413=MM	Ba3	9/24/2013	MDY
/RU000A0JS421=MM	Ba3	9/24/2013	MDY
/RU000A0JSXW3=MM			
/RU000A0JSQP1=MM			
/RU000A0JUEH0=MM			
/RU000A0JUD67=MM			
/RU000A0JQPD3=MM			
/RU000A0JRFS0=MM			
/RU000A0JQVB5=MM			
/RU000A0JQVG4=MM			
/RU000A0JQVC3=MM			
/RU000A0JQVD1=MM			
/RU000A0JQVE9=MM			
/RU000A0JQVF6=MM			
/RU000A0JSWJ2=MM			
/RU000A0JT1B3=MM			
/RU000A0JTTV1=MM			
/RU000A0JTN84=MM			
/RU000A0JU6M6=MM			
/RU000A0JTPE5=MM			
/RU000A0JUDW1=MM			
/RU000A0JU9X7=MM	B3	12/10/2013	MDY
/RU000A0JR6F5=MM			
/RU000A0JRJR4=MM			
/RU000A0JQH69=MM	NR	3/26/2012	S&P
/RU000A0JQH69=MM	Baa3	11/27/2013	MDY
/RU000A0JQH69=MM	BBB+	11/16/2009	FTC
/RU000A0JTTF4=MM	BBB+	4/10/2013	FTC
/RU000A0JRW85=MM	Baa3	11/27/2013	MDY
/RU000A0JRW85=MM	BBB+	11/15/2011	FTC
/RU000A0JSYR1=MM	Baa3	11/27/2013	MDY
/RU000A0JSYR1=MM	BBB+	10/19/2012	FTC
/RU000A0JRW93=MM	Baa3	11/27/2013	MDY
/RU000A0JRW93=MM	BBB+	2/1/2013	FTC
/RU000A0JTQ32=MM	Baa3	11/27/2013	MDY
/RU000A0JTQ32=MM	BBB+	3/4/2013	FTC
/RU000A0JUCM4=MM	BBB+	2/27/2014	FTC
/RU000A0JRJN3=MM			
/RU000A0JRJP8=MM			
/RU000A0JRJQ6=MM			
/RU000A0JS6S7=MM			
/RU000A0JS6T5=MM			
/RU000A0JRK63=MM	B-	4/13/2012	S&P
/RU000A0JT5L3=MM	B-	3/22/2013	S&P
/RU000A0JUAG0=MM			
/RU000A0JQS09=MM	Baa3	7/5/2013	MDY
/RU000A0JQS09=MM	BBB-	8/14/2013	FTC
/RU000A0JQS74=MM	Baa3	7/5/2013	MDY
/RU000A0JQS74=MM	BBB-	8/14/2013	FTC
/RU000A0JRMB2=MM	Baa3	7/5/2013	MDY
/RU000A0JRMB2=MM	BBB-	8/14/2013	FTC
/RU000A0JRMC0=MM	Baa3	7/5/2013	MDY
/RU000A0JRMC0=MM	BBB-	8/14/2013	FTC
/RU000A0JRLE8=MM	Baa3	7/5/2013	MDY
/RU000A0JRLE8=MM	BBB-	8/14/2013	FTC
/RU000A0JRVN8=MM	Baa3	7/5/2013	MDY
/RU000A0JRVN8=MM	BBB-	8/14/2013	FTC
/RU000A0JS6N8=MM	Baa3	7/5/2013	MDY
/RU000A0JS6N8=MM	BBB-	8/14/2013	FTC
/RU000A0JT7M7=MM	Baa3	7/5/2013	MDY
/RU000A0JT7M7=MM	BBB-	10/2/2013	FTC
/RU000A0JT874=MM	Baa3	7/5/2013	MDY
/RU000A0JT874=MM	BBB-	10/2/2013	FTC
/RU000A0JTVJ2=MM	Baa3	7/5/2013	MDY
/RU000A0JTVJ2=MM	BBB-	8/14/2013	FTC
/RU000A0JU1Q8=MM	Baa3	8/1/2013	MDY
/RU000A0JU1Q8=MM	BBB-	8/14/2013	FTC
/RU000A0JU6A1=MM	Baa3	10/1/2013	MDY
/RU000A0JU6A1=MM	BBB-	10/1/2013	FTC
/RU000A0JUAD7=MM	Baa3	11/28/2013	MDY
/RU000A0JUAD7=MM	BBB-	11/25/2013	FTC
/RU000A0JP2G4=MM	Baa3	7/5/2013	MDY
/RU000A0JP2G4=MM	BBB-	10/2/2013	FTC
/RU000A0JPF47=MM	Baa3	7/5/2013	MDY
/RU000A0JPF47=MM	BBB-	10/2/2013	FTC
/RU000A0JQ1H3=MM	Baa3	7/5/2013	MDY
/RU000A0JQ1H3=MM	BBB-	10/2/2013	FTC
/RU000A0JPMT8=MM	Baa3	7/5/2013	MDY
/RU000A0JPMT8=MM	BBB-	10/2/2013	FTC
/RU000A0JPTE5=MM	Baa3	7/5/2013	MDY
/RU000A0JPTE5=MM	BBB-	8/14/2013	FTC
/RU000A0JQK64=MM	Baa3	7/5/2013	MDY
/RU000A0JQK64=MM	BBB-	8/14/2013	FTC
/RU000A0JQK72=MM	Baa3	7/5/2013	MDY
/RU000A0JQK72=MM	BBB-	8/14/2013	FTC
/RU000A0JS371=MM	Baa3	7/5/2013	MDY
/RU000A0JS371=MM	BBB-	8/14/2013	FTC
/RU000A0JS3D6=MM	Baa3	7/5/2013	MDY
/RU000A0JS3D6=MM	BBB-	8/14/2013	FTC
/RU000A0JSJZ5=MM			
/RU000A0JS2T4=MM			
/RU000A0JSXA9=MM			
/RU000A0JTUG0=MM			
/RU000A0JR9K9=MM			
/RU000A0JRF11=MM			
/RU000A0JU245=MM	B3	2/6/2014	MDY
/RU000A0JR498=MM	BB-	11/17/2010	FTC
/RU000A0JU8A7=MM			
/RU000A0JQ4F1=MM	BBB	3/16/2009	S&P
/RU000A0JQ4F1=MM	Baa1	2/6/2014	MDY
/RU000A0JQ4F1=MM	BBB	1/22/2010	FTC
/RU000A0JQ177=MM	BBB	12/9/2008	S&P
/RU000A0JQ177=MM	Baa1	2/6/2014	MDY
/RU000A0JQ177=MM	BBB	2/8/2010	FTC
/RU000A0JQ5Q5=MM	BBB	5/29/2009	S&P
/RU000A0JQ5Q5=MM	Baa1	2/6/2014	MDY
/RU000A0JQ5Q5=MM	BBB	2/8/2010	FTC
/RU000A0JQ4G9=MM	BBB	3/16/2009	S&P
/RU000A0JQ4G9=MM	Baa1	2/6/2014	MDY
/RU000A0JQ4G9=MM	BBB	1/22/2010	FTC
/RU000A0JQ4U0=MM	BBB	4/15/2009	S&P
/RU000A0JQ4U0=MM	Baa1	2/6/2014	MDY
/RU000A0JQ4U0=MM	BBB	2/8/2010	FTC
/RU000A0JQ6S9=MM	BBB	7/1/2009	S&P
/RU000A0JQ6S9=MM	Baa1	2/6/2014	MDY
/RU000A0JQ6S9=MM	BBB	2/8/2010	FTC
/RU000A0JQ656=MM	BBB	6/15/2009	S&P
/RU000A0JQ656=MM	Baa1	2/6/2014	MDY
/RU000A0JQ656=MM	BBB	2/8/2010	FTC
/RU000A0JQ7W9=MM	BBB	7/28/2009	S&P
/RU000A0JQ7W9=MM	Baa1	2/6/2014	MDY
/RU000A0JQ7W9=MM	BBB	2/8/2010	FTC
/RU000A0JQ7X7=MM	BBB	7/28/2009	S&P
/RU000A0JQ7X7=MM	Baa1	2/6/2014	MDY
/RU000A0JQ7X7=MM	BBB	2/8/2010	FTC
/RU000A0JQ7Z2=MM	BBB	7/28/2009	S&P
/RU000A0JQ7Z2=MM	Baa1	2/6/2014	MDY
/RU000A0JQ7Z2=MM	BBB	2/8/2010	FTC
/RU000A0JQRD9=MM	BBB	2/5/2010	S&P
/RU000A0JQRD9=MM	Baa1	2/6/2014	MDY
/RU000A0JQRD9=MM	BBB	2/8/2010	FTC
/RU000A0JTU85=MM	Baa1	2/6/2014	MDY
/RU000A0JUAH8=MM	Baa1	2/6/2014	MDY
/RU000A0JSGV0=MM	BBB	7/13/2012	S&P
/RU000A0JSGV0=MM	Baa1	2/6/2014	MDY
/RU000A0JSGV0=MM	BBB	7/12/2012	FTC
/RU000A0JUCG6=MM	Baa1	2/6/2014	MDY
/RU000A0JU542=MM	Baa1	2/6/2014	MDY
/RU000A0JU7B7=MM	Baa1	2/6/2014	MDY
/RU000A0JU9M0=MM	Baa1	2/6/2014	MDY
/RU000A0JTY57=MM	Baa1	2/6/2014	MDY
/RU000A0JTZM7=MM	Baa1	2/6/2014	MDY
/RU000A0JU8T7=MM	BBB	10/21/2013	S&P
/RU000A0JU8T7=MM	Baa3	11/1/2013	MDY
/RU000A0JU8T7=MM	BBB+	11/1/2013	FTC
/RU000A0JU708=MM			
/RU000A0JRK14=MM			
/RU000A0JQWD9=MM			
/RU000A0JRUR1=MM			
/RU000A0JU1P0=MM	B2	10/9/2013	MDY
/RU000A0JU1P0=MM	WD	10/30/2013	FTC
/RU000A0JSJW2=MM	WD	10/30/2013	FTC
/RU000A0JRNW6=MM	B+	6/11/2013	S&P
/RU000A0JRNW6=MM	WD	10/30/2013	FTC
/RU000A0JR548=MM	B	5/4/2011	FTC
/RU000A0JQP28=MM			
/RU000A0JU526=MM	B+	9/11/2013	FTC
/RU000A0JT825=MM	B+	10/26/2012	FTC
/RU000A0JTJG3=MM	BBB+	4/10/2013	FTC
/RU000A0JTKE6=MM	Baa3	11/27/2013	MDY
/RU000A0JTKE6=MM	BBB+	2/1/2013	FTC
/RU000A0JU0E6=MM	BBB+	2/27/2014	FTC
/RU000A0JUGH5=MM			
/RU000A0JR472=MM			
/RU000A0JQAK0=MM			
/RU000A0JQX36=MM			
/RU000A0JTYN8=MM			
/RU000A0JT940=MM			
/RU000A0JT965=MM			
/RU000A0JTYL2=MM			
/RU000A0JTS06=MM			
/RU000A0JTS22=MM			
/RU000A0JTYM0=MM			
/RU000A0JUFU0=MM			
/RU000A0JUCS1=MM			
/RU000A0JUCR3=MM			
/RU000A0JUFV8=MM			
/RU000A0JTR15=MM	BBB-	3/28/2013	FTC
/RU000A0JTKD8=MM	BBB-	3/4/2013	FTC
/RU000A0JTAQ1=MM	BBB-	3/28/2013	FTC
/RU000A0JTKC0=MM	BBB-	3/4/2013	FTC
/RU000A0JTYT5=MM	BBB-	7/8/2013	FTC
/RU000A0JQ4E4=MM			
/RU000A0JRVZ2=MM	B2	10/4/2013	MDY
/RU000A0JRVZ2=MM	B+	11/17/2011	FTC
/RU000A0JS5P5=MM	B2	10/4/2013	MDY
/RU000A0JS5P5=MM	B+	3/27/2012	FTC
/RU000A0JTPJ4=MM	B+	4/4/2013	FTC
/RU000A0JTPL0=MM	B+	4/4/2013	FTC
/RU000A0JS7N6=MM	B+	5/10/2012	FTC
/RU000A0JRFN1=MM	BB+	4/27/2011	FTC
/RU000A0JRFP6=MM	BB+	4/27/2011	FTC
/RU000A0JTMG7=MM	BB+	2/15/2013	FTC
/RU000A0JTMK9=MM	BB+	2/15/2013	FTC
/RU000A0JR4G8=MM	Ba1	6/25/2012	MDY
/RU000A0JR4G8=MM	BBB+	8/22/2013	FTC
/RU000A0JR4K0=MM	Ba1	6/25/2012	MDY
/RU000A0JR4K0=MM	BBB+	8/22/2013	FTC
/RU000A0JR1G4=MM	Ba1	6/25/2012	MDY
/RU000A0JR1G4=MM	BBB+	8/22/2013	FTC
/RU000A0JR1H2=MM	Ba1	6/25/2012	MDY
/RU000A0JR1H2=MM	BBB+	8/22/2013	FTC
/RU000A0JRL70=MM	Ba1	6/25/2012	MDY
/RU000A0JRL70=MM	BBB+	8/22/2013	FTC
/RU000A0JS4U8=MM	Ba1	6/25/2012	MDY
/RU000A0JS4U8=MM	BBB+	8/22/2013	FTC
/RU000A0JTVN4=MM	Ba1	4/19/2013	MDY
/RU000A0JTVN4=MM	BBB+	5/7/2013	FTC
/RU000A0JTA89=MM	Ba1	11/12/2012	MDY
/RU000A0JTA89=MM	BBB+	11/6/2012	FTC
/RU000A0JU6U9=MM	Ba1	11/12/2013	MDY
/RU000A0JU6U9=MM	BBB+	11/8/2013	FTC
/RU000A0JU195=MM	Ba1	10/3/2013	MDY
/RU000A0JU195=MM	BBB+	7/30/2013	FTC
/RU000A0JS9W3=MM			
/RU000A0JTQ16=MM	B+	5/28/2013	FTC
/RU000A0JQFU8=MM	B+	3/11/2011	S&P
/RU000A0JQFZ7=MM	B+	3/11/2011	S&P
/RU000A0JREL8=MM	B2	10/9/2013	MDY
/RU000A0JRM04=MM	B2	10/9/2013	MDY
/RU000A0JU583=MM	BB-	10/3/2013	FTC
/RU000A0JS8M6=MM	B3	7/1/2013	MDY
/RU000A0JTZ49=MM			
/RU000A0JU278=MM			
/RU000A0JTHF9=MM			
/RU000A0JU7N2=MM			
/RU000A0JRKC4=MM	BB+	6/24/2011	FTC
/RU000A0JRKD2=MM	BB+	6/24/2011	FTC
/RU000A0JRKM3=MM	BB+	6/24/2011	FTC
/RU000A0JS3M7=MM	BB+	2/9/2012	FTC
/RU000A0JS3L9=MM	BB+	2/9/2012	FTC
/RU000A0JRVU3=MM	BB+	4/17/2012	FTC
/RU000A0JS7D7=MM			
/RU000A0JTNX0=MM			
/RU000A0JTNY8=MM			
/RU000A0JTNZ5=MM			
/RU000A0JQXR7=MM	Ba3	9/28/2011	MDY
/RU000A0JU336=MM	Ba3	11/19/2013	MDY
/RU000A0JRU20=MM			
/RU000A0JRU46=MM			
/RU000A0JP9N5=MM			
/RU000A0JPP60=MM			
/RU000A0JU716=MM			
/RU000A0JQA82=MM			
/RU000A0JS8U9=MM			
/RU000A0JTMW4=MM			
/RU000A0JRG44=MM			
/RU000A0JQWE7=MM			
/RU000A0JRN11=MM			
/RU000A0JRN29=MM			
/RU000A0JR9J1=MM	WR	3/3/2014	MDY
/RU000A0JU7G6=MM			
/RU000A0JRFF7=MM			
/RU000A0JRFH3=MM			
/RU000A0JTW75=MM	BB	4/30/2013	FTC
/RU000A0JS1F5=MM	BB	12/22/2011	FTC
/RU000A0JS793=MM	BB	4/25/2012	FTC
/RU000A0JS710=MM	BB	4/19/2012	FTC
/RU000A0JT9Y8=MM	BB	11/1/2012	FTC
/RU000A0JSQK2=MM			
/RU000A0JTYW9=MM			
/RU000A0JRK48=MM			
/RU000A0JU732=MM	B3	11/19/2013	MDY
/RU000A0JU7L6=MM			
/RU000A0JP435=MM			
/RU000A0JQ722=MM			
/RU000A0JS1W0=MM			
/RU000A0JS470=MM			
/RU000A0JR2S7=MM			
/RU000A0JR0E1=MM			
/RU000A0JQZB6=MM			
/RU000A0JRKY8=MM			
/RU000A0JRKZ5=MM			
/RU000A0JRAH4=MM			
/RU000A0JTFC0=MM			
/RU000A0JTYQ1=MM			
/RU000A0JUCY9=MM			
/RU000A0JU930=MM			
/RU000A0JU5G0=MM	B3	9/26/2013	MDY
/RU000A0JRF94=MM	B3	6/14/2012	MDY
/RU000A0JRY75=MM	B3	6/14/2012	MDY
/RU000A0JS3X4=MM	B3	6/14/2012	MDY
/RU000A0JS6D9=MM	B3	6/14/2012	MDY
/RU000A0JT5M1=MM	B3	11/7/2012	MDY
/RU000A0JTLE4=MM	B3	3/27/2013	MDY
/RU000A0JQGU6=MM			
/RU000A0JU5M8=MM			
/RU000A0JR2E7=MM			
/RU000A0JTXT7=MM	B2	10/30/2013	MDY
/RU000A0JTXT7=MM	B+	5/28/2013	FTC
/RU000A0JS728=MM	B2	10/30/2013	MDY
/RU000A0JS728=MM	B+	3/21/2013	FTC
/RU000A0JR5B6=MM	B2	10/30/2013	MDY
/RU000A0JR5B6=MM	B+	3/21/2013	FTC
/RU000A0JQ4X4=MM			
/RU000A0JQM47=MM			
/RU000A0JQM54=MM			
/RU000A0JQMA6=MM			
/RU000A0JQMC2=MM			
/RU000A0JQM96=MM			
/RU000A0JQME8=MM			
/RU000A0JQM88=MM			
/RU000A0JQMD0=MM			
/RU000A0JRJ17=MM			
/RU000A0JRJ25=MM			
/RU000A0JRJ33=MM			
/RU000A0JRQG2=MM			
/RU000A0JRWG0=MM			
/RU000A0JRXR5=MM			
/RU000A0JU0P2=MM			
/RU000A0JU0Q0=MM			
/RU000A0JU0R8=MM			
/RU000A0JU8Z4=MM			
/RU000A0JU9E7=MM			
/RU000A0JU9F4=MM			
/RU000A0JSPY5=MM			
/RU000A0JR7U2=MM			
/RU000A0JR803=MM			
/RU000A0JR837=MM			
/RU000A0JT130=MM			
/RU000A0JT122=MM			
/RU000A0JT981=MM			
/RU000A0JRQR9=MM			
/RU000A0JRQS7=MM			
/RU000A0JSVP1=MM			
/RU000A0JTDJ0=MM			
/RU000A0JUGC6=MM			
/RU000A0JS4W4=MM			
/RU000A0JQLH3=MM			
/RU000A0JQWJ6=MM	BB+	4/21/2011	FTC
/RU000A0JTKJ5=MM	BB+	2/21/2013	FTC
/RU000A0JQ5G6=MM			
/RU000A0JQDV1=MM			
/RU000A0JQCR1=MM			
/RU000A0JTGS4=MM			
/RU000A0JTGT2=MM			
/RU000A0JQNP2=MM			
/RU000A0JTSH2=MM			
/RU000A0JQ6R1=MM	Ba3	11/13/2013	MDY
/RU000A0JRK89=MM	Ba3	11/13/2013	MDY
/RU000A0JS702=MM	Ba3	11/13/2013	MDY
/RU000A0JTSG4=MM			
/RU000A0JRK97=MM	Ba3	11/13/2013	MDY
/RU000A0JRG10=MM	B	12/15/2011	S&P
/RU000A0JT2N6=MM			
/RU000A0JU5N6=MM			
/RU000A0JUCE1=MM			
/RU000A0JTZ80=MM			
/RU000A0JTZA2=MM			
/RU000A0JTZB0=MM			
/RU000A0JRSK0=MM	BBB	8/31/2011	S&P
/RU000A0JS0E0=MM			
/RU000A0JS4H5=MM			
/RU000A0JS4X2=MM			
/RU000A0JT8V6=MM			
/RU000A0JT9F7=MM			
/RU000A0JTMN3=MM			
/RU000A0JTMP8=MM			
/RU000A0JTP33=MM			
/RU000A0JTP58=MM			
/RU000A0JR4F0=MM			
/RU000A0JR0R3=MM			
/RU000A0JUAJ4=MM			
/RU000A0JS9X1=MM			
/RU000A0JU9K4=MM			
/RU000A0JUBH6=MM			
/RU000A0JTVT1=MM			
/RU000A0JR9L7=MM			
/RU000A0JTSP5=MM			
/RU000A0JS2K3=MM			
/RU000A0JRLL3=MM			
/RU000A0JS3E4=MM			
/RU000A0JS3N5=MM			
/RU000A0JS7A3=MM			
/RU000A0JS3Z9=MM			
/RU000A0JS561=MM			
/RU000A0JSW84=MM			
/RU000A0JTGH7=MM			
/RU000A0JTGJ3=MM			
/RU000A0JTVE3=MM			
/RU000A0JU0S6=MM			
/RU000A0JU0T4=MM			
/RU000A0JR647=MM			
/RU000A0JR9E2=MM			
/RU000A0JRTS1=MM			
/RU000A0JRTT9=MM	B-	11/28/2013	S&P
/RU000A0JRTT9=MM	BB-	12/18/2013	FTC
/RU000A0JRN60=MM			
/RU000A0JTBM8=MM			
/RU000A0JS8P9=MM			
/RU000A0JRDB1=MM			
/RU000A0JRDC9=MM			
/RU000A0JS7B1=MM			
/RU000A0JS7C9=MM			
/RU000A0JS8N4=MM			
/RU000A0JTBH8=MM			
/RU000A0JRTN2=MM	BBB	3/5/2013	FTC
/RU000A0JT403=MM	BBB	10/19/2012	FTC
/RU000A0JS3Y2=MM	BBB	2/24/2012	S&P
/RU000A0JS3Y2=MM	BBB	3/1/2012	FTC
/RU000A0JT6B2=MM	BBB	10/19/2012	FTC
/RU000A0JTMJ1=MM			
/RU000A0JS4Z7=MM	BBB	3/14/2012	FTC
/RU000A0JR3H8=MM	BBB	3/5/2013	FTC
/RU000A0JR3G0=MM	BBB	3/5/2013	FTC
/RU000A0JRCX7=MM	BBB	3/5/2013	FTC
/RU000A0JU0X6=MM	BBB+	8/7/2013	S&P
/RU000A0JU0X6=MM	BBB	7/29/2013	FTC
/RU000A0JREW5=MM	BBB	4/18/2011	FTC
/RU000A0JREX3=MM	BBB	4/18/2011	FTC
/RU000A0JREZ8=MM	BBB	4/18/2011	FTC
/RU000A0JS389=MM	BBB	2/8/2012	FTC
/RU000A0JRUY7=MM	BBB	10/31/2011	FTC
/RU000A0JRV52=MM	BBB	10/31/2011	FTC
/RU000A0JT7N5=MM	BBB	7/17/2013	FTC
/RU000A0JT7P0=MM	BBB	11/1/2012	FTC
/RU000A0JTYG2=MM	BBB	6/11/2013	FTC
/RU000A0JTYD9=MM	BBB	6/11/2013	FTC
/RU000A0JTYF4=MM	BBB	6/11/2013	FTC
/RU000A0JTQS3=MM	BBB	3/12/2013	FTC
/RU000A0JTQU9=MM	BBB	3/12/2013	FTC
/RU000A0JUEE7=MM	BBB	1/29/2014	FTC
/RU000A0JSAV3=MM	BBB	7/6/2012	FTC
/RU000A0JUFE4=MM	BBB	2/12/2014	FTC
/RU000A0JUFF1=MM	BBB	2/12/2014	FTC
/RU000A0JUFG9=MM	BBB	2/12/2014	FTC
/RU000A0JUFH7=MM	BBB	2/12/2014	FTC
/RU000A0JSAZ4=MM	BBB	7/6/2012	FTC
/RU000A0JSB06=MM	BBB	7/6/2012	FTC
/RU000A0JSB14=MM	BBB	7/6/2012	FTC
/RU000A0JTYE7=MM	BBB	6/11/2013	FTC
/RU000A0JU9S7=MM	BBB	11/18/2013	FTC
/RU000A0JU9T5=MM	BBB	11/18/2013	FTC
/RU000A0JU146=MM	B1	10/9/2013	MDY
/RU000A0JQ7N8=MM	BB	4/20/2011	S&P
/RU000A0JR357=MM	BB	4/20/2011	S&P
/RU000A0JR381=MM	BB	4/20/2011	S&P
/RU000A0JQ5N2=MM			
/RU000A0JTZR6=MM	B+	7/4/2013	S&P
/RU000A0JTZR6=MM	B2	7/2/2013	MDY
/RU000A0JQMG3=MM	Baa2	7/5/2013	MDY
/RU000A0JSZF3=MM	Baa2	7/5/2013	MDY
/RU000A0JSZG1=MM	Baa2	7/5/2013	MDY
/RU000A0JQUV5=MM	NR	11/1/2013	S&P
/RU000A0JQUV5=MM	Baa2	11/8/2013	MDY
/RU000A0JRSW5=MM	Baa2	7/5/2013	MDY
/RU000A0JRSX3=MM	Baa2	7/5/2013	MDY
/RU000A0JUCH4=MM	Baa2	12/10/2013	MDY
/RU000A0JUCJ0=MM	Baa2	12/10/2013	MDY
/RU000A0JNGU3=MM	Baa2	7/5/2013	MDY
/RU000A0JNGU3=MM	WD	1/31/2014	FTC
/RU000A0JT3C7=MM	Baa2	7/5/2013	MDY
/RU000A0JT3C7=MM	WD	1/31/2014	FTC
/RU000A0JT3E3=MM	Baa2	7/5/2013	MDY
/RU000A0JT3E3=MM	WD	1/31/2014	FTC
/RU000A0JTK20=MM	Baa2	7/5/2013	MDY
/RU000A0JTK20=MM	WD	1/31/2014	FTC
/RU000A0JTN01=MM	Baa2	10/25/2013	MDY
/RU000A0JTN01=MM	WD	1/31/2014	FTC
/RU000A0JS1M1=MM	Baa2	7/5/2013	MDY
/RU000A0JS1M1=MM	WD	1/31/2014	FTC
/RU000A0JS1P4=MM	Baa2	7/5/2013	MDY
/RU000A0JS1P4=MM	WD	1/31/2014	FTC
/RU000A0JS1T6=MM	Baa2	7/5/2013	MDY
/RU000A0JS1T6=MM	WD	1/31/2014	FTC
/RU000A0JS1U4=MM	Baa2	7/5/2013	MDY
/RU000A0JS1U4=MM	WD	1/31/2014	FTC
/RU000A0JSX00=MM	Baa2	7/5/2013	MDY
/RU000A0JSX00=MM	WD	1/31/2014	FTC
/RU000A0JU773=MM	Baa2	11/28/2013	MDY
/RU000A0JU773=MM	WD	1/31/2014	FTC
/RU000A0JU617=MM			
/RU000A0JUGQ6=MM			
/RU000A0JUF81=MM	Baa3	2/7/2014	MDY
/RU000A0JSSJ0=MM			
/RU000A0JS959=MM			
/RU000A0JUDL4=MM			
/RU000A0JU7A9=MM			
/RU000A0JTF27=MM	Baa2	7/12/2013	MDY
/RU000A0JPGR4=MM	BBB	12/8/2008	S&P
/RU000A0JPGR4=MM	WD	1/31/2014	FTC
/RU000A0JPWF6=MM	BBB	12/8/2008	S&P
/RU000A0JPWF6=MM	WD	1/31/2014	FTC
/RU000A0JPZ84=MM	BBB	10/7/2009	S&P
/RU000A0JPZ84=MM	WD	1/31/2014	FTC
/RU000A0JQ672=MM	BBB	10/7/2009	S&P
/RU000A0JQ672=MM	WD	1/31/2014	FTC
/RU000A0JQMB4=MM	BBB	2/23/2010	S&P
/RU000A0JQMB4=MM	WD	1/31/2014	FTC
/RU000A0JUC27=MM	Baa2	12/23/2013	MDY
/RU000A0JQZ67=MM	BBB	8/20/2010	S&P
/RU000A0JQZ67=MM	WD	1/31/2014	FTC
/RU000A0JQZ75=MM	BBB	8/20/2010	S&P
/RU000A0JQZ75=MM	WD	1/31/2014	FTC
/RU000A0JTWT9=MM			
/RU000A0JTW26=MM			
/RU000A0JTW34=MM			
/RU000A0JUAT3=MM			
/RU000A0JS1S8=MM			
/RU000A0JS5E9=MM	BB	4/4/2012	S&P
/RU000A0JS5M2=MM	BB	4/4/2012	S&P
/RU000A0JS5F6=MM	BB	4/4/2012	S&P
/RU000A0JUD83=MM	BBB+	12/30/2013	S&P
/RU000A0JUD83=MM	BBB	1/6/2014	FTC
/RU000A0JU6K0=MM	BBB+	10/10/2013	S&P
/RU000A0JU6K0=MM	BBB	10/9/2013	FTC
/RU000A0JT8X2=MM	B+	4/23/2013	S&P
/RU000A0JT8X2=MM	B2	11/7/2012	MDY
/RU000A0JTG75=MM			
/RU000A0JR5V4=MM	Baa2	5/16/2011	MDY
/RU000A0JRJC6=MM			
/RU000A0JT593=MM			
/RU000A0JTGU0=MM	B1	10/9/2013	MDY
/RU000A0JRTB7=MM	B1	10/9/2013	MDY
/RU000A0JSS64=MM	B1	10/9/2013	MDY
/RU000A0JTT47=MM	Baa2	10/1/2013	MDY
/RU000A0JPBN4=MM	B+	2/10/2011	S&P
/RU000A0JQ664=MM	B+	2/10/2011	S&P
/RU000A0JTGC8=MM	BBB-	11/28/2013	FTC
/RU000A0JTGK1=MM			
/RU000A0JT9G5=MM			
/RU000A0JQ565=MM			
/RU000A0JQ5R3=MM			
/RU000A0JQTP9=MM			
/RU000A0JRKL5=MM			
/RU000A0JSS72=MM			
/RU000A0JTPS5=MM			
/RU000A0JRJB8=MM	Baa3	11/17/2011	MDY
/RU000A0JRJL7=MM			
/RU000A0JS4J1=MM			
/RU000A0JS4K9=MM			
/RU000A0JS4L7=MM			
/RU000A0JS298=MM			
/RU000A0JSZK3=MM			
/RU000A0JQ607=MM			
/RU000A0JU948=MM			
/RU000A0DASA0=MM	BBB	12/8/2008	S&P
/RU000A0E6TK0=MM	BBB	12/8/2008	S&P
/RU000A0JNYN1=MM	BBB	12/8/2008	S&P
/RU000A0JNYN1=MM	BBB	3/19/2010	FTC
/RU000A0JNYP6=MM	BBB	12/8/2008	S&P
/RU000A0JPZ35=MM			
/RU000A0JPZ50=MM	BBB	8/4/2009	S&P
/RU000A0JPZ68=MM			
/RU000A0JQ5L6=MM	BBB	6/24/2009	S&P
/RU000A0JQHJ7=MM	BBB	9/22/2010	S&P
/RU000A0JQHJ7=MM	BBB	9/23/2010	FTC
/RU000A0JQHN9=MM			
/RU000A0JQHM1=MM	BBB	9/9/2010	FTC
/RU000A0JTXW1=MM	BBB	6/11/2013	S&P
/RU000A0JTXW1=MM	BBB	6/7/2013	FTC
/RU000A0JU5V9=MM			
/RU000A0JU5W7=MM			
/RU000A0JU5X5=MM			
/RU000A0JU5Y3=MM			
/RU000A0JTDR3=MM			
/RU000A0JU674=MM			
/RU000A0JU286=MM			
/RU000A0JSRL8=MM	Ba1	5/31/2013	MDY
/RU000A0JSFK5=MM	Ba2	12/21/2012	MDY
/RU000A0JSFK5=MM	BB+	8/28/2012	FTC
/RU000A0JTYB3=MM	Ba2	6/6/2013	MDY
/RU000A0JTYB3=MM	BB+	6/18/2013	FTC
/RU000A0JRJX2=MM	Ba2	12/21/2012	MDY
/RU000A0JRJX2=MM	BB+	8/28/2012	FTC
/RU000A0JRHN7=MM	BB	10/23/2013	FTC
/RU000A0JT7L9=MM	BB-	11/30/2012	FTC
/RU000A0JU1V8=MM	BB-	8/5/2013	FTC
/RU000A0JRYA9=MM	BB-	12/6/2011	FTC
/RU000A0JQX51=MM	BB-	6/24/2010	FTC
/RU000A0JS249=MM	BB-	1/24/2014	FTC
/RU000A0JR688=MM	BB-	1/24/2014	FTC
/RU000A0JUAZ0=MM			
/RU000A0JSQR7=MM	BB	4/29/2013	FTC
/RU000A0JU8R1=MM			
/RU000A0JS0N1=MM	BB+	11/12/2012	FTC
/RU000A0GKKB7=MM	BB+	11/16/2011	FTC
/RU000A0JR3B1=MM	Ba2	2/18/2011	MDY
/RU000A0JR3B1=MM	BB+	11/16/2011	FTC
/RU000A0JU6N4=MM	B+	1/31/2014	FTC
/RU000A0JRWS5=MM	B+	12/2/2011	FTC
/RU000A0JR225=MM	Ba1	6/16/2011	MDY
/RU000A0JR225=MM	BB+	6/7/2012	FTC
/RU000A0JRVV1=MM			
/RU000A0JTBA3=MM	Ba1	11/29/2012	MDY
/RU000A0JTBA3=MM	BB+	11/16/2012	FTC
/RU000A0JT8G7=MM	BB+	10/29/2012	FTC
/RU000A0JU5U1=MM	BB+	9/26/2013	FTC
/RU000A0JRYP7=MM	BB+	12/7/2011	FTC
/RU000A0DH708=MM	BB+	12/2/2011	S&P
/RU000A0DH708=MM	BB+	7/2/2013	FTC
/RU000A0JS8T1=MM	BB	9/9/2013	FTC
/RU000A0JTVZ8=MM	BB	4/29/2013	FTC
/RU000A0JT361=MM	BB	10/8/2012	FTC
/RU000A0JP6R2=MM	NR	4/7/2009	S&P
/RU000A0JSVD7=MM	BB-	9/28/2012	FTC
/RU000A0JRWA3=MM	BB-	4/20/2012	FTC
/RU000A0JR2H0=MM	BB-	4/20/2012	FTC
/RU000A0JU3B6=MM	BB-	8/28/2013	FTC
/RU000A0JSY25=MM	BB+	10/29/2013	S&P
/RU000A0JU963=MM	BBB-	11/1/2013	FTC
/RU000A0JU1T2=MM	BB+	10/29/2013	S&P
/RU000A0JU7H4=MM			
/RU000A0JTZK1=MM	BB	7/10/2013	FTC
/RU000A0JTGE4=MM	BB	12/27/2012	FTC
/RU000A0JTVM6=MM	BB+	4/23/2013	S&P
/RU000A0JTVM6=MM	BBB-	4/26/2013	FTC
/RU000A0JTGF1=MM	B+	4/29/2013	FTC
/RU000A0JR5G5=MM	B+	12/3/2010	FTC
/RU000A0JR4V7=MM	Baa1	5/16/2011	MDY
/RU000A0JR4V7=MM	BBB	11/29/2010	FTC
/RU000A0JTDL6=MM	BBB	11/27/2012	S&P
/RU000A0JTDL6=MM	Baa1	11/29/2012	MDY
/RU000A0JTDL6=MM	BBB	12/6/2012	FTC
/RU000A0JS9J0=MM	BB+	7/26/2012	S&P
/RU000A0JU2H5=MM			
/RU000A0JRJF9=MM			
/RU000A0JU7R3=MM			
/RU000A0JU9G2=MM	BB	12/2/2013	FTC
/RU000A0JTFZ1=MM	BB	12/20/2012	FTC
/RU000A0JTDZ6=MM			
/RU000A0JS009=MM			
/RU000A0JTDV5=MM			
/RU000A0JUCZ6=MM			
/RU000A0JQX85=MM			
/RU000A0JTGD6=MM			
/RU000A0JUAC9=MM	BB	11/25/2013	FTC
/RU000A0JT1G2=MM	BB	10/30/2013	FTC
/RU000A0JR639=MM	B	12/10/2013	FTC
/RU000A0JQN04=MM	NR	4/23/2013	S&P
/RU000A0JQN04=MM	B	12/10/2013	FTC
/RU000A0JUAX5=MM	B	12/10/2013	FTC
/RU000A0JTGN5=MM	B	12/10/2013	FTC
/RU000A0JRY67=MM	BB	11/22/2013	FTC
/RU000A0JU740=MM	BB	11/22/2013	FTC
/RU000A0JTF76=MM	BB	11/22/2013	FTC
/RU000A0JR530=MM	BB	11/22/2013	FTC
/RU000A0JSVC9=MM			
/RU000A0JU6P9=MM	BB-	1/29/2014	FTC
/RU000A0JR6K5=MM			
/RU000A0JS7P1=MM	BB-	8/15/2012	FTC
/RU000A0JTXF6=MM	BB-	5/24/2013	FTC
/RU000A0JRGR0=MM	BB-	8/15/2012	FTC
/RU000A0JQWF4=MM	BB-	8/15/2012	FTC
/RU000A0JS1E8=MM			
/RU000A0JTF68=MM	Ba3	12/11/2012	MDY
/RU000A0JTG34=MM	BB+	10/31/2013	FTC
/RU000A0JU823=MM	BB+	10/31/2013	FTC
/RU000A0JRHB2=MM	BB+	11/15/2012	S&P
/RU000A0JRHB2=MM	BBB-	9/25/2012	FTC
/RU000A0JS850=MM	BB+	11/15/2012	S&P
/RU000A0JS850=MM	BBB-	9/25/2012	FTC
/RU000A0JP6V4=MM	BB+	11/15/2012	S&P
/RU000A0JREC7=MM	BB	11/17/2011	FTC
/RU000A0JSU45=MM			
/RU000A0JU0W8=MM	BB	7/23/2013	FTC
SBERHDR2	Unable to collect data for the field 'EJV.GR.Rating' and some specific identifier(s).	Unable to collect data for the field 'EJV.GR.RatingDate' and some specific identifier(s).	Unable to collect data for the field 'EJV.GR.RatingSourceCode' and some specific identifier(s).
SBER	Unable to collect data for the field 'EJV.GR.Rating' and some specific identifier(s).	Unable to collect data for the field 'EJV.GR.RatingDate' and some specific identifier(s).	Unable to collect data for the field 'EJV.GR.RatingSourceCode' and some specific identifier(s).
XS0556885753=SBER	BBB-	12/24/2010	S&P
XS0556885753=SBER	Baa3	8/21/2013	MDY
XS0556885753=SBER	BBB	11/21/2012	FTC
XS0506527851=SBER	BBB-	12/24/2010	S&P
XS0506527851=SBER	Baa3	8/21/2013	MDY
XS0506527851=SBER	BBB	11/21/2012	FTC
XS0441261921=SBER	BBB-	12/24/2010	S&P
XS0441261921=SBER	Baa3	8/21/2013	MDY
XS0441261921=SBER	BBB	11/21/2012	FTC
XS0373642585=SBER	NR	7/3/2013	S&P
XS0373642585=SBER	WR	7/2/2013	MDY
XS0373642585=SBER	NR	7/2/2013	FTC
XS0373641009=SBER	BBB-	12/24/2010	S&P
XS0373641009=SBER	Baa3	8/21/2013	MDY
XS0373641009=SBER	BBB	11/21/2012	FTC
XS0799658637=SBER	BBB-	6/25/2012	S&P
XS0799658637=SBER	Baa3	8/21/2013	MDY
XS0799658637=SBER	BBB	11/22/2012	FTC
XS0546214007=SBER	BBB-	12/24/2010	S&P
XS0546214007=SBER	Baa3	8/21/2013	MDY
XS0546214007=SBER	BBB	11/22/2012	FTC
XS0253694755=SBER	BBB-	12/24/2010	S&P
XS0253694755=SBER	Baa3	8/21/2013	MDY
XS0253694755=SBER	BBB	11/22/2012	FTC
XS0583616239=SBER	B-	9/26/2011	S&P
XS0583616239=SBER	B3	6/14/2013	MDY
XS0529394701=SBER	B-	9/26/2011	S&P
XS0529394701=SBER	B3	6/14/2013	MDY
RU050495418=	BBB	9/20/2012	S&P
RU050495418=	Baa1	3/27/2013	MDY
RU050495418=	BBB	4/22/2010	FTC
RU076746982=	BBB	4/23/2012	S&P
RU076746982=	Baa1	3/27/2013	MDY
RU076746982=	BBB	3/30/2012	FTC
RU056408754=	BBB+	3/23/2011	S&P
RU056408754=	Baa1	3/27/2013	MDY
RU056408754=	BBB	3/21/2011	FTC
RU008937524=	BBB	12/8/2008	S&P
RU008937524=	Baa1	3/27/2013	MDY
RU008937524=	BBB	2/4/2009	FTC
RU097172137=	BBB	9/25/2013	S&P
RU097172137=	Baa1	9/11/2013	MDY
RU097172137=	BBB	9/16/2013	FTC
RU050495434=	BBB	4/22/2010	S&P
RU050495434=	Baa1	3/27/2013	MDY
RU050495434=	BBB	4/22/2010	FTC
RU097172234=	BBB	9/25/2013	S&P
RU097172234=	Baa1	9/11/2013	MDY
RU097172234=	BBB	9/16/2013	FTC
RU076747245=	BBB	4/23/2012	S&P
RU076747245=	Baa1	3/27/2013	MDY
RU076747245=	BBB	3/30/2012	FTC
RU097172145=	BBB	9/25/2013	S&P
RU097172145=	Baa1	9/11/2013	MDY
RU097172145=	BBB	10/1/2013	FTC
RU008854319=	BBB	12/8/2008	S&P
RU008854319=	Baa1	3/27/2013	MDY
RU008854319=	BBB	2/4/2009	FTC
RU011428878=	BBB	12/8/2008	S&P
RU011428878=	Baa1	3/27/2013	MDY
RU011428878=	BBB	2/4/2009	FTC
RU076747385=	BBB	4/23/2012	S&P
RU076747385=	Baa1	3/27/2013	MDY
RU076747385=	BBB	3/30/2012	FTC
RU097172196=	BBB	9/25/2013	S&P
RU097172196=	Baa1	9/11/2013	MDY
RU097172196=	BBB	9/16/2013	FTC
US1MT=TWEB	AAA	11/20/2013	FTC
US1MTWI=TWEB	AAA	4/23/2013	FTC
US3MT=TWEB	AAA	7/18/2013	FTC
US6MT=TWEB	AAA	2/27/2014	FTC
US1YT=TWEB	AAA	2/6/2014	FTC
US1YTWI=TWEB			
US2YT=TWEB	Aaa	2/24/2014	MDY
US2YT=TWEB	AAA	2/28/2014	FTC
US3YT=TWEB	Aaa	2/10/2014	MDY
US3YT=TWEB	AAA	2/20/2014	FTC
US5YT=TWEB	Aaa	2/24/2014	MDY
US5YT=TWEB	AAA	2/28/2014	FTC
