RU088663268=			
RU085533428=			
RU080513143=			
RU049493380=	Ba1	4/2/2013	MDL
RU092214257=			
RU028869053=			
RU054436297=			
RU083241250=			
RU062069520=			
RU049357923=	B-	2/10/2014	SPI
RU049357923=	B	2/10/2010	FDL
RU092504310=	B-	2/10/2014	SPI
RU092504310=	B	2/10/2010	FDL
RU020582847=	Ba3	4/7/2009	MDL
RU055549320=	Ba3	4/7/2009	MDL
RU031257298=			
RU049409575=			
RU023633604=	Ba3	12/13/2013	MDL
RU029918325=	Ba3	12/13/2013	MDL
RU094474183=			
VG097446920=	B1	10/3/2013	MDL
RU085039326=	Ba3	10/29/2013	MDL
RU084816345=			
RU095467393=			
RU087910555=			
RU092407845=			
RU085476335=			
DE062075988=	A	7/2/2013	SPI
DE062076011=	A	7/2/2013	SPI
IE099584556=			
XS083702001=	BBB	12/8/2008	SPI
XS083702001=	A3	2/2/2007	MIS
XS083702001=	A3	2/2/2007	MDL
XS083702001=	WD	9/25/2013	FDL
XS097264511=	BBB	12/8/2008	SPI
XS097264511=	A3	2/2/2007	MIS
XS097264511=	A3	2/2/2007	MDL
XS097264511=	WD	9/25/2013	FDL
KZS083157143=	BBB	12/8/2008	SPI
KZS083157143=	A3	2/2/2007	MIS
KZS083157143=	A3	2/2/2007	MDL
KZS083157143=	WD	9/25/2013	FDL
RU091860449=			
RU091054019=			
RU045489736=	BBB	12/8/2008	SPI
RU045489736=	A3	2/2/2007	MIS
RU045489736=	A3	2/2/2007	MDL
RU045489736=	WD	9/25/2013	FDL
RU098102817=			
RU086358328=			
RU023498715=	B+	3/11/2011	SPI
RU023498715=	Ba3	1/26/2012	MDL
RU023498715=	WD	6/20/2006	FIS
RU023498715=	BB-	4/15/2011	FDL
RU065291355=	B+	3/11/2011	SPI
RU065291355=	Ba3	1/26/2012	MDL
RU065291355=	WD	6/20/2006	FIS
RU065291355=	BB-	4/15/2011	FDL
RU035938133=	B+	3/11/2011	SPI
RU035938133=	Ba3	1/26/2012	MDL
RU035938133=	WD	6/20/2006	FIS
RU035938133=	BB-	4/15/2011	FDL
RU061890521=	B+	3/11/2011	SPI
RU061890521=	Ba3	1/26/2012	MDL
RU061890521=	WD	6/20/2006	FIS
RU061890521=	BB-	4/15/2011	FDL
RU080863861=	B+	3/11/2011	SPI
RU080863861=	Ba3	1/26/2012	MDL
RU080863861=	WD	6/20/2006	FIS
RU080863861=	BB-	4/15/2011	FDL
RU092033490=			
RU092033503=			
RU086343916=	Baa3	2/7/2014	MDL
RU103864607=	Baa1	2/17/2014	MDL
RU095491251=	Baa1	2/17/2014	MDL
RU097412618=	Baa1	2/17/2014	MDL
RU041653582=			
RU042013544=			
RU044234840=	Baa1	2/17/2014	MDL
RU030358341=	Baa1	2/17/2014	MDL
RU044233029=	Baa1	2/17/2014	MDL
RU022079093=	Baa1	2/17/2014	MDL
RU056235418=	Baa1	2/17/2014	MDL
RU070881365=	Baa1	2/17/2014	MDL
RU027645631=	Baa1	2/17/2014	MDL
RU080558201=	Baa1	2/17/2014	MDL
RU027645593=	Baa1	2/17/2014	MDL
RU029058156=	Baa1	2/17/2014	MDL
RU032723713=	Baa1	2/17/2014	MDL
RU035728155=	Baa1	2/17/2014	MDL
RU042486094=	Baa1	2/17/2014	MDL
RU088573315=	Baa1	2/17/2014	MDL
RU090694600=	Baa1	2/17/2014	MDL
RU070881381=	Baa1	2/17/2014	MDL
RU029058059=	Baa1	2/17/2014	MDL
RU080557035=	Baa1	2/17/2014	MDL
RU090694952=	Baa1	2/17/2014	MDL
RU088573692=	Baa1	2/17/2014	MDL
RU019175472=	Baa1	2/17/2014	MDL
RU031652413=	Baa1	2/17/2014	MDL
RU099754486=	Baa2	11/21/2013	MDL
RU053127096=			
RU080365250=			
RU023057794=			
RU083326433=			
RU088810031=			
RU042651770=			
RU087798364=			
RU078329122=			
RU077921346=			
RU080058225=			
RU084813770=			
RU102602510=			
IE104072658=			
RU098710965=			
RU097532087=			
RU092229688=	Baa2	11/21/2013	MDL
RU083019271=	Baa2	11/21/2013	MDL
RU060638241=			
RU084665266=			
RU030911431=			
RU027105050=	NR	9/10/2009	SPI
RU033731671=			
RU064033476=	B3	7/29/2011	MDL
RU046366344=	Baa2	4/28/2008	MDL
RU030427394=	Baa2	4/28/2008	MDL
RU091950243=	Baa2	4/28/2008	MDL
RU046192656=	Baa2	4/28/2008	MDL
RU055465967=	Baa2	4/28/2008	MDL
RU030427459=	Baa2	4/28/2008	MDL
RU091950456=	Baa2	4/28/2008	MDL
RU024693716=			
RU065096218=	Ba2	4/9/2013	MDL
RU091829738=	Ba2	4/9/2013	MDL
RU098286128=			
RU092133150=	Ba2	5/20/2013	MDL
RU027177255=	A-	5/28/2013	SPI
RU027177255=	Baa1	4/23/2013	MIS
RU027177255=	Baa1	4/23/2013	MDL
RU027177255=	WD	8/23/2007	FIS
RU027177255=	A+	4/9/2009	FDL
RU065508508=			
RU051372387=	Ba2	5/20/2013	MDL
RU055783799=			
RU023846845=	Ba3	6/24/2013	MDL
RU080863284=	Baa3	2/5/2013	MDL
RU078393432=	Baa3	2/5/2013	MDL
RU050383962=			
RU077612106=			
RU094073022=			
RU092311023=			
RU092347281=	Ba3	4/22/2013	MDL
RU092347281=	BB-	4/17/2013	FDL
RU092213471=			
RU058843679=	Baa3	12/12/2012	MDL
RU088587332=	Baa3	12/12/2012	MDL
RU058843326=	Baa3	12/12/2012	MDL
RU086438372=	Baa3	12/12/2012	MDL
RU030510585=			
RU035912789=			
RU088824512=	Baa3	2/14/2013	MDL
RU092230171=	BB+	5/14/2013	SPI
RU092230171=	BBB-	4/11/2013	FDL
RU055712859=			
RU061962441=			
RU046985605=			
RU052465885=			
RU077598421=			
RU085167243=			
RU077283528=	B2	12/27/2013	MDL
RU049408552=			
RU049408609=			
RU061678450=	B3	6/6/2013	MDL
RU093834178=			
RU086979292=			
IE099629754=			
RU099629754=			
VG094474248=			
RU103794099=			
RU043356810=			
RU088111923=			
RU060563705=			
RU074811400=			
RU030099877=			
RU079642622=			
RU088473434=			
RU036663090=			
LU095523285=			
RU095523285=			
RU063288799=			
RU097989192=			
RU086198037=	Baa1	12/17/2013	MDL
RU086198118=	Baa1	12/17/2013	MDL
RU055307261=			
RU088663128=			
RU095332331=			
RU023809150=			
RU027572855=			
RU080264895=			
RU084167738=			
RU049924518=	Baa1	2/6/2014	MDL
RU088572718=	Baa1	2/6/2014	MDL
RU076425345=	Baa1	2/6/2014	MDL
RU088572700=	Baa1	2/6/2014	MDL
RU091958198=	Baa1	2/6/2014	MDL
RU076422001=	Baa1	2/6/2014	MDL
RU060901791=	Baa1	2/6/2014	MDL
RU104181511=	Baa1	2/6/2014	MDL
RU025440528=			
RU033738412=			
RU103275016=	Baa1	12/12/2013	MDL
RU093531124=	Baa1	12/12/2013	MDL
RU052443571=	Baa1	12/12/2013	MDL
RU074932541=	Baa1	12/12/2013	MDL
RU088256182=	Baa1	12/12/2013	MDL
RU074238041=	Baa1	12/12/2013	MDL
RU054395671=	Baa1	12/12/2013	MDL
RU089742757=	Baa1	12/12/2013	MDL
RU079935735=	Baa1	12/12/2013	MDL
RU063857297=	Baa1	12/12/2013	MDL
RU074359604=	Baa1	12/12/2013	MDL
RU084853097=	Baa1	12/12/2013	MDL
RU097321949=			
RU019049060=	A2	11/14/2013	MDL
RU064840258=	Ba1	8/26/2013	MDL
RU055131538=	Ba1	8/26/2013	MDL
RU084167100=	Ba1	8/26/2013	MDL
RU087885577=	Ba1	1/30/2013	MDL
RU022578596=	Baa3	11/26/2013	MDL
RU078324287=			
RU078397292=			
RU055267987=	Ba3	1/24/2013	MDL
RU089996970=	Ba1	8/26/2013	MDL
RU083019123=			
RU080863691=			
RU061984534=			
RU058521159=	B1	4/5/2013	MDL
RU091159970=	B1	4/5/2013	MDL
RU048420877=	Baa1	12/17/2013	MDL
RU026190673=	Baa1	12/17/2013	MDL
RU029253030=	Baa1	12/17/2013	MDL
RU032496393=	Baa1	12/17/2013	MDL
RU048420915=	Baa1	12/17/2013	MDL
RU031136997=			
RU028874766=	Baa1	9/13/2013	MDL
RU038143930=	Baa1	9/13/2013	MDL
RU094866677=			
RU092288331=	Baa3	4/25/2013	MDL
RU100327376=	Ba3	11/26/2013	MDL
RU071900975=			
RU055980012=			
RU089320518=			
RU052461081=			
RU080081707=			
RU089321239=			
RU055991596=			
RU099316217=			
RU099316268=			
RU063095087=			
RU058703095=	Ba3	3/21/2011	MDL
RU025386183=			
RU064317644=	Ba3	2/12/2013	MDL
RU088940202=	Ba3	2/12/2013	MDL
RU036104180=	Ba3	3/21/2011	MDL
RU088940105=	Ba3	2/12/2013	MDL
RU058703109=	Ba3	3/21/2011	MDL
RU064318322=	Ba3	2/12/2013	MDL
RU088940172=	Ba3	2/12/2013	MDL
RU030828780=			
RU099327995=			
RU090864947=			
RU091325748=			
LU093758439=	Baa2	7/5/2013	MDL
RU063355739=	Baa2	7/5/2013	MDL
RU061647864=	BBB	10/25/2013	SPI
RU061647864=	Baa3	2/24/2009	MDL
RU061647864=	WD	7/27/2006	FIS
RU061647864=	WD	1/10/2014	FDL
RU061421319=	BBB	10/25/2013	SPI
RU061421319=	Baa3	2/24/2009	MDL
RU061421319=	WD	7/27/2006	FIS
RU061421319=	WD	1/10/2014	FDL
RU081973938=	Baa2	7/5/2013	MDL
RU083785004=	Baa2	7/5/2013	MDL
RU020221810=	Baa2	7/5/2013	MDL
RU049199813=	Baa2	7/5/2013	MDL
RU080734069=	Baa2	7/5/2013	MDL
RU023068311=			
RU084744131=	Baa2	7/5/2013	MDL
RU069962971=	Baa2	7/5/2013	MDL
RU024410528=	Baa2	7/5/2013	MDL
RU062030844=	BBB	10/25/2013	SPI
RU062030844=	Baa3	2/24/2009	MDL
RU062030844=	WD	7/27/2006	FIS
RU062030844=	WD	1/10/2014	FDL
RU082538330=	Baa2	7/5/2013	MDL
RU077250948=	Baa2	7/5/2013	MDL
RU086356929=	Baa2	7/5/2013	MDL
RU059279459=	Baa2	7/5/2013	MDL
RU036592397=	Baa2	7/5/2013	MDL
RU054863365=	Baa2	7/5/2013	MDL
RU084207853=	Baa2	7/5/2013	MDL
RU022371592=	Baa2	7/5/2013	MDL
RU081059683=			
IT047367115=	Caa1	12/13/2011	MDL
LU043836226=	B3	4/18/2013	MDL
IT056306587=	B3	4/18/2013	MDL
BM092346536=	B3	4/18/2013	MDL
/RU25068RMFS=MM	BBB	12/8/2008	SPI
/RU25068RMFS=MM	Baa1	3/27/2013	MIS
/RU25068RMFS=MM	Baa1	3/27/2013	MDL
/RU25068RMFS=MM	WD	7/25/2006	FIS
/RU25068RMFS=MM	BBB	2/4/2009	FDL
/RU25071RMFS=MM	BBB	12/8/2008	SPI
/RU25071RMFS=MM	Baa1	3/27/2013	MIS
/RU25071RMFS=MM	Baa1	3/27/2013	MDL
/RU25071RMFS=MM	WD	7/25/2006	FIS
/RU25071RMFS=MM	BBB	2/4/2009	FDL
/RU25075RMFS=MM	BBB	12/8/2008	SPI
/RU25075RMFS=MM	Baa1	3/27/2013	MIS
/RU25075RMFS=MM	Baa1	3/27/2013	MDL
/RU25075RMFS=MM	WD	7/25/2006	FIS
/RU25075RMFS=MM	BBB	2/4/2009	FDL
/RU25076RMFS=MM	BBB	12/8/2008	SPI
/RU25076RMFS=MM	Baa1	3/27/2013	MIS
/RU25076RMFS=MM	Baa1	3/27/2013	MDL
/RU25076RMFS=MM	WD	7/25/2006	FIS
/RU25076RMFS=MM	BBB	2/4/2009	FDL
/RU25077RMFS=MM	BBB	12/8/2008	SPI
/RU25077RMFS=MM	Baa1	3/27/2013	MIS
/RU25077RMFS=MM	Baa1	3/27/2013	MDL
/RU25077RMFS=MM	WD	7/25/2006	FIS
/RU25077RMFS=MM	BBB	2/4/2009	FDL
/RU25079RMFS=MM	BBB	12/8/2008	SPI
/RU25079RMFS=MM	Baa1	3/27/2013	MIS
/RU25079RMFS=MM	Baa1	3/27/2013	MDL
/RU25079RMFS=MM	WD	7/25/2006	FIS
/RU25079RMFS=MM	BBB	2/4/2009	FDL
/RU25080RMFS=MM	BBB	12/8/2008	SPI
/RU25080RMFS=MM	Baa1	3/27/2013	MIS
/RU25080RMFS=MM	Baa1	3/27/2013	MDL
/RU25080RMFS=MM	WD	7/25/2006	FIS
/RU25080RMFS=MM	BBB	2/4/2009	FDL
/RU25081RMFS=MM	BBB	12/8/2008	SPI
/RU25081RMFS=MM	Baa1	3/27/2013	MIS
/RU25081RMFS=MM	Baa1	3/27/2013	MDL
/RU25081RMFS=MM	WD	7/25/2006	FIS
/RU25081RMFS=MM	BBB	2/4/2009	FDL
/RU25082RMFS=MM	BBB	12/8/2008	SPI
/RU25082RMFS=MM	Baa1	3/27/2013	MIS
/RU25082RMFS=MM	Baa1	3/27/2013	MDL
/RU25082RMFS=MM	WD	7/25/2006	FIS
/RU25082RMFS=MM	BBB	2/4/2009	FDL
/RU26202RMFS=MM	BBB	12/8/2008	SPI
/RU26202RMFS=MM	Baa1	3/27/2013	MIS
/RU26202RMFS=MM	Baa1	3/27/2013	MDL
/RU26202RMFS=MM	WD	7/25/2006	FIS
/RU26202RMFS=MM	BBB	2/4/2009	FDL
/RU26203RMFS=MM	BBB	12/8/2008	SPI
/RU26203RMFS=MM	Baa1	3/27/2013	MIS
/RU26203RMFS=MM	Baa1	3/27/2013	MDL
/RU26203RMFS=MM	WD	7/25/2006	FIS
/RU26203RMFS=MM	BBB	2/4/2009	FDL
/RU26204RMFS=MM	BBB	12/8/2008	SPI
/RU26204RMFS=MM	Baa1	3/27/2013	MIS
/RU26204RMFS=MM	Baa1	3/27/2013	MDL
/RU26204RMFS=MM	WD	7/25/2006	FIS
/RU26204RMFS=MM	BBB	2/4/2009	FDL
/RU26205RMFS=MM	BBB	12/8/2008	SPI
/RU26205RMFS=MM	Baa1	3/27/2013	MIS
/RU26205RMFS=MM	Baa1	3/27/2013	MDL
/RU26205RMFS=MM	WD	7/25/2006	FIS
/RU26205RMFS=MM	BBB	2/4/2009	FDL
/RU26206RMFS=MM	BBB	12/8/2008	SPI
/RU26206RMFS=MM	Baa1	3/27/2013	MIS
/RU26206RMFS=MM	Baa1	3/27/2013	MDL
/RU26206RMFS=MM	WD	7/25/2006	FIS
/RU26206RMFS=MM	BBB	2/4/2009	FDL
/RU26207RMFS=MM	BBB	12/8/2008	SPI
/RU26207RMFS=MM	Baa1	3/27/2013	MIS
/RU26207RMFS=MM	Baa1	3/27/2013	MDL
/RU26207RMFS=MM	WD	7/25/2006	FIS
/RU26207RMFS=MM	BBB	2/4/2009	FDL
/RU26208RMFS=MM	BBB	12/8/2008	SPI
/RU26208RMFS=MM	Baa1	3/27/2013	MIS
/RU26208RMFS=MM	Baa1	3/27/2013	MDL
/RU26208RMFS=MM	WD	7/25/2006	FIS
/RU26208RMFS=MM	BBB	2/4/2009	FDL
/RU26209RMFS=MM	BBB	12/8/2008	SPI
/RU26209RMFS=MM	Baa1	3/27/2013	MIS
/RU26209RMFS=MM	Baa1	3/27/2013	MDL
/RU26209RMFS=MM	WD	7/25/2006	FIS
/RU26209RMFS=MM	BBB	2/4/2009	FDL
/RU26210RMFS=MM	BBB	12/8/2008	SPI
/RU26210RMFS=MM	Baa1	3/27/2013	MIS
/RU26210RMFS=MM	Baa1	3/27/2013	MDL
/RU26210RMFS=MM	WD	7/25/2006	FIS
/RU26210RMFS=MM	BBB	2/4/2009	FDL
/RU26211RMFS=MM	BBB	12/8/2008	SPI
/RU26211RMFS=MM	Baa1	3/27/2013	MIS
/RU26211RMFS=MM	Baa1	3/27/2013	MDL
/RU26211RMFS=MM	WD	7/25/2006	FIS
/RU26211RMFS=MM	BBB	2/4/2009	FDL
/RU26212RMFS=MM	BBB	12/8/2008	SPI
/RU26212RMFS=MM	Baa1	3/27/2013	MIS
/RU26212RMFS=MM	Baa1	3/27/2013	MDL
/RU26212RMFS=MM	WD	7/25/2006	FIS
/RU26212RMFS=MM	BBB	2/4/2009	FDL
/RU26214RMFS=MM	BBB	12/8/2008	SPI
/RU26214RMFS=MM	Baa1	3/27/2013	MIS
/RU26214RMFS=MM	Baa1	3/27/2013	MDL
/RU26214RMFS=MM	WD	7/25/2006	FIS
/RU26214RMFS=MM	BBB	2/4/2009	FDL
/RU26215RMFS=MM	BBB	12/8/2008	SPI
/RU26215RMFS=MM	Baa1	3/27/2013	MIS
/RU26215RMFS=MM	Baa1	3/27/2013	MDL
/RU26215RMFS=MM	WD	7/25/2006	FIS
/RU26215RMFS=MM	BBB	2/4/2009	FDL
/RU26216RMFS=MM	BBB	12/8/2008	SPI
/RU26216RMFS=MM	Baa1	3/27/2013	MIS
/RU26216RMFS=MM	Baa1	3/27/2013	MDL
/RU26216RMFS=MM	WD	7/25/2006	FIS
/RU26216RMFS=MM	BBB	2/4/2009	FDL
/RU46005RMFS=MM	BBB	12/8/2008	SPI
/RU46005RMFS=MM	Baa1	3/27/2013	MIS
/RU46005RMFS=MM	Baa1	3/27/2013	MDL
/RU46005RMFS=MM	WD	7/25/2006	FIS
/RU46005RMFS=MM	BBB	2/4/2009	FDL
/RU46007RMFS=MM	BBB	12/8/2008	SPI
/RU46007RMFS=MM	Baa1	3/27/2013	MIS
/RU46007RMFS=MM	Baa1	3/27/2013	MDL
/RU46007RMFS=MM	WD	7/25/2006	FIS
/RU46007RMFS=MM	BBB	2/4/2009	FDL
/RU46008RMFS=MM	BBB	12/8/2008	SPI
/RU46008RMFS=MM	Baa1	3/27/2013	MIS
/RU46008RMFS=MM	Baa1	3/27/2013	MDL
/RU46008RMFS=MM	WD	7/25/2006	FIS
/RU46008RMFS=MM	BBB	2/4/2009	FDL
/RU46009RMFS=MM	BBB	12/8/2008	SPI
/RU46009RMFS=MM	Baa1	3/27/2013	MIS
/RU46009RMFS=MM	Baa1	3/27/2013	MDL
/RU46009RMFS=MM	WD	7/25/2006	FIS
/RU46009RMFS=MM	BBB	2/4/2009	FDL
/RU46010RMFS=MM	BBB	12/8/2008	SPI
/RU46010RMFS=MM	Baa1	3/27/2013	MIS
/RU46010RMFS=MM	Baa1	3/27/2013	MDL
/RU46010RMFS=MM	WD	7/25/2006	FIS
/RU46010RMFS=MM	BBB	2/4/2009	FDL
/RU46011RMFS=MM	BBB	12/8/2008	SPI
/RU46011RMFS=MM	Baa1	3/27/2013	MIS
/RU46011RMFS=MM	Baa1	3/27/2013	MDL
/RU46011RMFS=MM	WD	7/25/2006	FIS
/RU46011RMFS=MM	BBB	2/4/2009	FDL
/RU46012RMFS=MM	BBB	12/8/2008	SPI
/RU46012RMFS=MM	Baa1	3/27/2013	MIS
/RU46012RMFS=MM	Baa1	3/27/2013	MDL
/RU46012RMFS=MM	WD	7/25/2006	FIS
/RU46012RMFS=MM	BBB	2/4/2009	FDL
/RU46014RMFS=MM	BBB	12/8/2008	SPI
/RU46014RMFS=MM	Baa1	3/27/2013	MIS
/RU46014RMFS=MM	Baa1	3/27/2013	MDL
/RU46014RMFS=MM	WD	7/25/2006	FIS
/RU46014RMFS=MM	BBB	2/4/2009	FDL
/RU46017RMFS=MM	BBB	12/8/2008	SPI
/RU46017RMFS=MM	Baa1	3/27/2013	MIS
/RU46017RMFS=MM	Baa1	3/27/2013	MDL
/RU46017RMFS=MM	WD	7/25/2006	FIS
/RU46017RMFS=MM	BBB	2/4/2009	FDL
/RU46018RMFS=MM	BBB	12/8/2008	SPI
/RU46018RMFS=MM	Baa1	3/27/2013	MIS
/RU46018RMFS=MM	Baa1	3/27/2013	MDL
/RU46018RMFS=MM	WD	7/25/2006	FIS
/RU46018RMFS=MM	BBB	2/4/2009	FDL
/RU46019RMFS=MM	BBB	12/8/2008	SPI
/RU46019RMFS=MM	Baa1	3/27/2013	MIS
/RU46019RMFS=MM	Baa1	3/27/2013	MDL
/RU46019RMFS=MM	WD	7/25/2006	FIS
/RU46019RMFS=MM	BBB	2/4/2009	FDL
/RU46020RMFS=MM	BBB	12/8/2008	SPI
/RU46020RMFS=MM	Baa1	3/27/2013	MIS
/RU46020RMFS=MM	Baa1	3/27/2013	MDL
/RU46020RMFS=MM	WD	7/25/2006	FIS
/RU46020RMFS=MM	BBB	2/4/2009	FDL
/RU46021RMFS=MM	BBB	12/8/2008	SPI
/RU46021RMFS=MM	Baa1	3/27/2013	MIS
/RU46021RMFS=MM	Baa1	3/27/2013	MDL
/RU46021RMFS=MM	WD	7/25/2006	FIS
/RU46021RMFS=MM	BBB	2/4/2009	FDL
/RU46022RMFS=MM	BBB	12/8/2008	SPI
/RU46022RMFS=MM	Baa1	3/27/2013	MIS
/RU46022RMFS=MM	Baa1	3/27/2013	MDL
/RU46022RMFS=MM	WD	7/25/2006	FIS
/RU46022RMFS=MM	BBB	2/4/2009	FDL
/RU46023RMFS=MM	BBB	12/8/2008	SPI
/RU46023RMFS=MM	Baa1	3/27/2013	MIS
/RU46023RMFS=MM	Baa1	3/27/2013	MDL
/RU46023RMFS=MM	WD	7/25/2006	FIS
/RU46023RMFS=MM	BBB	2/4/2009	FDL
/RU48001RMFS=MM	BBB	12/8/2008	SPI
/RU48001RMFS=MM	Baa1	3/27/2013	MIS
/RU48001RMFS=MM	Baa1	3/27/2013	MDL
/RU48001RMFS=MM	WD	7/25/2006	FIS
/RU48001RMFS=MM	BBB	2/4/2009	FDL
/RU000A0JQGW2=MM			
/RU000A0JQ9U9=MM	BB	8/28/2008	SPI
/RU000A0JQ9U9=MM	Ba3	5/30/2013	MDL
/RU000A0JQ9U9=MM	WD	7/19/2007	FIS
/RU000A0JQ9U9=MM	BB-	7/19/2007	FDL
/RU000A0JQL30=MM	BB	8/28/2008	SPI
/RU000A0JQL30=MM	Ba3	5/30/2013	MDL
/RU000A0JQL30=MM	WD	7/19/2007	FIS
/RU000A0JQL30=MM	BB-	7/19/2007	FDL
/RU000A0JRBU5=MM	BB	8/28/2008	SPI
/RU000A0JRBU5=MM	Ba3	5/30/2013	MDL
/RU000A0JRBU5=MM	WD	7/19/2007	FIS
/RU000A0JRBU5=MM	BB-	7/19/2007	FDL
/RU000A0JR5F7=MM	BBB	12/9/2008	SPI
/RU000A0JR5F7=MM	Baa1	4/2/2013	MIS
/RU000A0JR5F7=MM	Baa1	4/2/2013	MDL
/RU000A0JU3G5=MM			
/RU000A0JS1A6=MM			
/RU000A0JTCV7=MM			
/RU000A0JUBT1=MM			
/RU000A0JPJE6=MM			
/RU000A0JPLU8=MM	BBB	12/9/2008	SPI
/RU000A0JPLU8=MM	Baa1	4/2/2013	MIS
/RU000A0JPLU8=MM	Baa1	4/2/2013	MDL
/RU000A0JQAG8=MM	BBB	12/9/2008	SPI
/RU000A0JQAG8=MM	Baa1	4/2/2013	MIS
/RU000A0JQAG8=MM	Baa1	4/2/2013	MDL
/RU000A0JQAL8=MM	BBB	12/9/2008	SPI
/RU000A0JQAL8=MM	Baa1	4/2/2013	MIS
/RU000A0JQAL8=MM	Baa1	4/2/2013	MDL
/RU000A0JQAM6=MM	BBB	12/9/2008	SPI
/RU000A0JQAM6=MM	Baa1	4/2/2013	MIS
/RU000A0JQAM6=MM	Baa1	4/2/2013	MDL
/RU000A0JQXG0=MM	BBB	12/9/2008	SPI
/RU000A0JQXG0=MM	Baa1	4/2/2013	MIS
/RU000A0JQXG0=MM	Baa1	4/2/2013	MDL
/RU000A0JRDY3=MM	BBB	12/9/2008	SPI
/RU000A0JRDY3=MM	Baa1	4/2/2013	MIS
/RU000A0JRDY3=MM	Baa1	4/2/2013	MDL
/RU000A0JRF37=MM	BBB	12/9/2008	SPI
/RU000A0JRF37=MM	Baa1	4/2/2013	MIS
/RU000A0JRF37=MM	Baa1	4/2/2013	MDL
/RU000A0JU3J9=MM			
/RU000A0JS1B4=MM			
/RU000A0JTD52=MM			
/RU000A0JUC19=MM			
/RU000A0JR6S8=MM	BBB	12/9/2008	SPI
/RU000A0JR6S8=MM	Baa1	4/2/2013	MIS
/RU000A0JR6S8=MM	Baa1	4/2/2013	MDL
/RU000A0JS488=MM	BBB	12/9/2008	SPI
/RU000A0JS488=MM	Baa1	4/2/2013	MIS
/RU000A0JS488=MM	Baa1	4/2/2013	MDL
/RU000A0JS5S9=MM	BBB	12/9/2008	SPI
/RU000A0JS5S9=MM	Baa1	4/2/2013	MIS
/RU000A0JS5S9=MM	Baa1	4/2/2013	MDL
/RU000A0JRYW3=MM	BBB	12/9/2008	SPI
/RU000A0JRYW3=MM	Baa1	4/2/2013	MIS
/RU000A0JRYW3=MM	Baa1	4/2/2013	MDL
/RU000A0JTDX1=MM	BBB	12/9/2008	SPI
/RU000A0JTDX1=MM	Baa1	4/2/2013	MIS
/RU000A0JTDX1=MM	Baa1	4/2/2013	MDL
/RU000A0JTW83=MM	BBB	12/9/2008	SPI
/RU000A0JTW83=MM	Baa1	4/2/2013	MIS
/RU000A0JTW83=MM	Baa1	4/2/2013	MDL
/RU000A0JTZF1=MM	BBB	12/9/2008	SPI
/RU000A0JTZF1=MM	Baa1	4/2/2013	MIS
/RU000A0JTZF1=MM	Baa1	4/2/2013	MDL
/RU000A0JTYR9=MM	BBB	12/9/2008	SPI
/RU000A0JTYR9=MM	Baa1	4/2/2013	MIS
/RU000A0JTYR9=MM	Baa1	4/2/2013	MDL
/RU000A0GKNF2=MM	BBB	12/9/2008	SPI
/RU000A0GKNF2=MM	Baa1	4/2/2013	MIS
/RU000A0GKNF2=MM	Baa1	4/2/2013	MDL
/RU000A0JNPJ7=MM	BBB	12/9/2008	SPI
/RU000A0JNPJ7=MM	Baa1	4/2/2013	MIS
/RU000A0JNPJ7=MM	Baa1	4/2/2013	MDL
/RU000A0JNPK5=MM	BBB	12/9/2008	SPI
/RU000A0JNPK5=MM	Baa1	4/2/2013	MIS
/RU000A0JNPK5=MM	Baa1	4/2/2013	MDL
/RU000A0JP1V5=MM	BBB	12/9/2008	SPI
/RU000A0JP1V5=MM	Baa1	4/2/2013	MIS
/RU000A0JP1V5=MM	Baa1	4/2/2013	MDL
/RU000A0JU5T3=MM	BBB	12/9/2008	SPI
/RU000A0JU5T3=MM	Baa1	4/2/2013	MIS
/RU000A0JU5T3=MM	Baa1	4/2/2013	MDL
/RU000A0JP8D8=MM			
/RU000A0JPN21=MM			
/RU000A0JPN39=MM			
/RU000A0JQ276=MM			
/RU000A0JQY35=MM	Unable to collect data for the field 'EJV.IR.Rating' and some specific identifier(s).	Unable to collect data for the field 'EJV.IR.RatingDate' and some specific identifier(s).	Unable to collect data for the field 'EJV.IR.RatingSourceCode' and some specific identifier(s).
/RU000A0JRMV0=MM			
/RU000A0JRMW8=MM			
/RU000A0JSGW8=MM			
/RU000A0JSKJ7=MM			
/RU000A0JT692=MM	B1	12/10/2013	MDL
/RU000A0JT692=MM	WD	2/5/2007	FIS
/RU000A0JT692=MM	BB-	6/7/2012	FDL
/RU000A0JTRL6=MM	B1	12/10/2013	MDL
/RU000A0JTRL6=MM	WD	2/5/2007	FIS
/RU000A0JTRL6=MM	BB-	6/7/2012	FDL
/RU000A0JU310=MM	B1	12/10/2013	MDL
/RU000A0JU310=MM	WD	2/5/2007	FIS
/RU000A0JU310=MM	BB-	6/7/2012	FDL
/RU000A0JU2T0=MM	BB+	12/27/2012	SPI
/RU000A0JU2T0=MM	Ba1	4/2/2013	MDL
/RU000A0JU2T0=MM	WD	9/8/2006	FIS
/RU000A0JU2T0=MM	BBB-	7/13/2012	FDL
/RU000A0JQVK6=MM	BB-	10/19/2010	SPI
/RU000A0JQVK6=MM	WR	8/16/2005	MIS
/RU000A0JQVK6=MM	Ba3	4/7/2009	MDL
/RU000A0JQVK6=MM	BB	10/16/2013	FDL
/RU000A0JQX02=MM	BB-	10/19/2010	SPI
/RU000A0JQX02=MM	WR	8/16/2005	MIS
/RU000A0JQX02=MM	Ba3	4/7/2009	MDL
/RU000A0JQX02=MM	BB	10/16/2013	FDL
/RU000A0JQXE5=MM	BB-	10/19/2010	SPI
/RU000A0JQXE5=MM	WR	8/16/2005	MIS
/RU000A0JQXE5=MM	Ba3	4/7/2009	MDL
/RU000A0JQXE5=MM	BB	10/16/2013	FDL
/RU000A0JQX10=MM	BB-	10/19/2010	SPI
/RU000A0JQX10=MM	WR	8/16/2005	MIS
/RU000A0JQX10=MM	Ba3	4/7/2009	MDL
/RU000A0JQX10=MM	BB	10/16/2013	FDL
/RU000A0JTA48=MM	BB-	10/19/2010	SPI
/RU000A0JTA48=MM	WR	8/16/2005	MIS
/RU000A0JTA48=MM	Ba3	4/7/2009	MDL
/RU000A0JTA48=MM	BB	10/16/2013	FDL
/RU000A0JTA55=MM	BB-	10/19/2010	SPI
/RU000A0JTA55=MM	WR	8/16/2005	MIS
/RU000A0JTA55=MM	Ba3	4/7/2009	MDL
/RU000A0JTA55=MM	BB	10/16/2013	FDL
/RU000A0JTN43=MM	B2	10/29/2013	MDL
/RU000A0JTN43=MM	B+	8/23/2013	FDL
/RU000A0JRNJ3=MM	B1	5/31/2013	MDL
/RU000A0JRNJ3=MM	WD	3/12/2007	FIS
/RU000A0JRNJ3=MM	B	5/31/2013	FDL
/RU000A0JTXR1=MM	B1	5/31/2013	MDL
/RU000A0JTXR1=MM	WD	3/12/2007	FIS
/RU000A0JTXR1=MM	B	5/31/2013	FDL
/RU000A0JRXT1=MM	B1	5/31/2013	MDL
/RU000A0JRXT1=MM	WD	3/12/2007	FIS
/RU000A0JRXT1=MM	B	5/31/2013	FDL
/RU000A0JS5N0=MM	B1	5/31/2013	MDL
/RU000A0JS5N0=MM	WD	3/12/2007	FIS
/RU000A0JS5N0=MM	B	5/31/2013	FDL
/RU000A0JS2Q0=MM			
/RU000A0JTTC1=MM	BB-	3/21/2013	FDL
/RU000A0JTEM2=MM			
/RU000A0JSL87=MM			
/RU000A0JRHF3=MM	B1	7/21/2010	MDL
/RU000A0JRHF3=MM	B+	10/23/2009	FDL
/RU000A0JRHG1=MM	B1	7/21/2010	MDL
/RU000A0JRHG1=MM	B+	10/23/2009	FDL
/RU000A0JT5E8=MM	B1	7/21/2010	MDL
/RU000A0JT5E8=MM	B+	10/23/2009	FDL
/RU000A0JTDU7=MM			
/RU000A0JR7S6=MM	BB+	12/27/2012	SPI
/RU000A0JR7S6=MM	Ba1	4/2/2013	MDL
/RU000A0JR7S6=MM	WD	9/8/2006	FIS
/RU000A0JR7S6=MM	BBB-	7/13/2012	FDL
/RU000A0JRZB4=MM	BB+	12/27/2012	SPI
/RU000A0JRZB4=MM	Ba1	4/2/2013	MDL
/RU000A0JRZB4=MM	WD	9/8/2006	FIS
/RU000A0JRZB4=MM	BBB-	7/13/2012	FDL
/RU000A0JT213=MM	BB+	12/27/2012	SPI
/RU000A0JT213=MM	Ba1	4/2/2013	MDL
/RU000A0JT213=MM	WD	9/8/2006	FIS
/RU000A0JT213=MM	BBB-	7/13/2012	FDL
/RU000A0JU849=MM	BB+	12/27/2012	SPI
/RU000A0JU849=MM	Ba1	4/2/2013	MDL
/RU000A0JU849=MM	WD	9/8/2006	FIS
/RU000A0JU849=MM	BBB-	7/13/2012	FDL
/RU000A0JSW35=MM	BB+	12/27/2012	SPI
/RU000A0JSW35=MM	Ba1	4/2/2013	MDL
/RU000A0JSW35=MM	WD	9/8/2006	FIS
/RU000A0JSW35=MM	BBB-	7/13/2012	FDL
/RU000A0JTP41=MM	BB+	12/27/2012	SPI
/RU000A0JTP41=MM	Ba1	4/2/2013	MDL
/RU000A0JTP41=MM	WD	9/8/2006	FIS
/RU000A0JTP41=MM	BBB-	7/13/2012	FDL
/RU000A0JQYU9=MM			
/RU000A0JRJV6=MM			
/RU000A0JRK22=MM			
/RU000A0JTZH7=MM			
/RU000A0JSEU7=MM			
/RU000A0JQZ59=MM	BBB	12/14/2011	SPI
/RU000A0JQZ59=MM	Baa2	8/2/2013	MIS
/RU000A0JQZ59=MM	Baa2	8/2/2013	MDL
/RU000A0JQZ59=MM	BBB	8/20/2013	FDL
/RU000A0JTKS6=MM	B2	5/23/2013	MDL
/RU000A0JTKS6=MM	NR	1/20/2006	FIS
/RU000A0JRYJ0=MM	BBB	4/30/2013	FIS
/RU000A0JRYJ0=MM	BBB	4/30/2013	FDL
/RU000A0JP8V0=MM	WD	1/15/2014	FDL
/RU000A0JS7F2=MM	B2	10/29/2013	MDL
/RU000A0JS7F2=MM	B+	8/23/2013	FDL
/RU000A0JU7X1=MM	Ba3	5/5/2007	MDL
/RU000A0JU7X1=MM	WD	8/29/2006	FIS
/RU000A0JU7X1=MM	BB-	11/11/2013	FDL
/RU000A0JS116=MM	B	6/28/2012	SPI
/RU000A0JS116=MM	Caa1	3/6/2013	MDL
/RU000A0JS116=MM	WD	3/1/2007	FIS
/RU000A0JS116=MM	WD	11/20/2009	FDL
/RU000A0JU0N7=MM	B	6/28/2012	SPI
/RU000A0JU0N7=MM	Caa1	3/6/2013	MDL
/RU000A0JU0N7=MM	WD	3/1/2007	FIS
/RU000A0JU0N7=MM	WD	11/20/2009	FDL
/RU000A0JRZ74=MM	B	6/28/2012	SPI
/RU000A0JRZ74=MM	Caa1	3/6/2013	MDL
/RU000A0JRZ74=MM	WD	3/1/2007	FIS
/RU000A0JRZ74=MM	WD	11/20/2009	FDL
/RU000A0JRKX0=MM	BB+	4/8/2013	SPI
/RU000A0JRCD9=MM	BBB	3/15/2011	SPI
/RU000A0JR0W3=MM	B3	2/26/2014	MDL
/RU000A0JTJ07=MM			
/RU000A0JU6B9=MM	B	10/4/2012	SPI
/RU000A0JU7W3=MM	BBB	12/24/2013	SPI
/RU000A0JU7W3=MM	Ba1	12/13/2013	MDL
/RU000A0JU7W3=MM	WD	8/1/2006	FIS
/RU000A0JU7W3=MM	WD	1/31/2014	FDL
/RU000A0JTXP5=MM	NR	10/5/2010	SPI
/RU000A0JTXP5=MM	Baa2	7/5/2013	MDL
/RU000A0JTXP5=MM	WD	1/31/2014	FDL
/RU000A0JTXQ3=MM	NR	10/5/2010	SPI
/RU000A0JTXQ3=MM	Baa2	7/5/2013	MDL
/RU000A0JTXQ3=MM	WD	1/31/2014	FDL
/RU000A0JTY40=MM	Ba3	5/5/2007	MDL
/RU000A0JTY40=MM	WD	8/29/2006	FIS
/RU000A0JTY40=MM	BB-	11/11/2013	FDL
/RU000A0JQ789=MM	Ba3	5/5/2007	MDL
/RU000A0JQ789=MM	WD	8/29/2006	FIS
/RU000A0JQ789=MM	BB-	11/11/2013	FDL
/RU000A0JSVF2=MM	Ba3	5/5/2007	MDL
/RU000A0JSVF2=MM	WD	8/29/2006	FIS
/RU000A0JSVF2=MM	BB-	11/11/2013	FDL
/RU000A0JRW36=MM	Ba3	5/5/2007	MDL
/RU000A0JRW36=MM	WD	8/29/2006	FIS
/RU000A0JRW36=MM	BB-	11/11/2013	FDL
/RU000A0JS397=MM	Ba3	5/5/2007	MDL
/RU000A0JS397=MM	WD	8/29/2006	FIS
/RU000A0JS397=MM	BB-	11/11/2013	FDL
/RU000A0JS3P0=MM	Ba3	5/5/2007	MDL
/RU000A0JS3P0=MM	WD	8/29/2006	FIS
/RU000A0JS3P0=MM	BB-	11/11/2013	FDL
/RU000A0JRHD8=MM	Ba3	5/5/2007	MDL
/RU000A0JRHD8=MM	WD	8/29/2006	FIS
/RU000A0JRHD8=MM	BB-	11/11/2013	FDL
/RU000A0JS6L2=MM	Ba3	5/5/2007	MDL
/RU000A0JS6L2=MM	WD	8/29/2006	FIS
/RU000A0JS6L2=MM	BB-	11/11/2013	FDL
/RU000A0JTKK3=MM	BBB	12/24/2013	SPI
/RU000A0JTKK3=MM	Ba1	12/13/2013	MDL
/RU000A0JTKK3=MM	WD	8/1/2006	FIS
/RU000A0JTKK3=MM	WD	1/31/2014	FDL
/RU000A0JQNR8=MM	Ba2	4/19/2012	MDL
/RU000A0JQNR8=MM	BB	5/14/2012	FDL
/RU000A0JQNS6=MM	Ba2	4/19/2012	MDL
/RU000A0JQNS6=MM	BB	5/14/2012	FDL
/RU000A0JQNH9=MM	Ba2	4/19/2012	MDL
/RU000A0JQNH9=MM	BB	5/14/2012	FDL
/RU000A0JS3U0=MM	Ba2	4/19/2012	MDL
/RU000A0JS3U0=MM	BB	5/14/2012	FDL
/RU000A0JTM28=MM	Ba2	4/19/2012	MDL
/RU000A0JTM28=MM	BB	5/14/2012	FDL
/RU000A0JTM36=MM	Ba2	4/19/2012	MDL
/RU000A0JTM36=MM	BB	5/14/2012	FDL
/RU000A0JTM44=MM	Ba2	4/19/2012	MDL
/RU000A0JTM44=MM	BB	5/14/2012	FDL
/RU000A0JTM51=MM	Ba2	4/19/2012	MDL
/RU000A0JTM51=MM	BB	5/14/2012	FDL
/RU000A0JRYS1=MM	Ba2	4/19/2012	MDL
/RU000A0JRYS1=MM	BB	5/14/2012	FDL
/RU000A0JTFV0=MM			
/RU000A0JT3P9=MM	Ba3	10/1/2013	MDL
/RU000A0JT3P9=MM	BB-	10/3/2013	FDL
/RU000A0JPQY9=MM			
/RU000A0JTHK9=MM			
/RU000A0JTHL7=MM			
/RU000A0JTU93=MM	B2	5/18/2010	MDL
/RU000A0JSAK6=MM			
/RU000A0JU4W0=MM	Ba3	10/3/2013	MDL
/RU000A0JU4W0=MM	BB-	5/6/2010	FDL
/RU000A0JRFR2=MM	Ba3	10/3/2013	MDL
/RU000A0JRFR2=MM	BB-	5/6/2010	FDL
/RU000A0JRVA5=MM	Ba3	10/3/2013	MDL
/RU000A0JRVA5=MM	BB-	5/6/2010	FDL
/RU000A0JT3Q7=MM	Ba3	10/3/2013	MDL
/RU000A0JT3Q7=MM	BB-	5/6/2010	FDL
/RU000A0JTMY0=MM	Ba3	10/3/2013	MDL
/RU000A0JTMY0=MM	BB-	5/6/2010	FDL
/RU000A0JTVD5=MM	Ba3	10/3/2013	MDL
/RU000A0JTVD5=MM	BB-	5/6/2010	FDL
/RU000A0JTX33=MM			
/RU000A0JTX41=MM			
/RU000A0JTY24=MM	BB-	5/8/2013	SPI
/RU000A0JTY24=MM	B+	4/16/2013	FDL
/RU000A0JSPX7=MM	Baa3	6/25/2012	MDL
/RU000A0JSPX7=MM	BBB+	11/30/2012	FDL
/RU000A0JRVQ1=MM	Baa3	6/25/2012	MDL
/RU000A0JRVQ1=MM	BBB+	11/30/2012	FDL
/RU000A0JS6M0=MM	Baa3	6/25/2012	MDL
/RU000A0JS6M0=MM	BBB+	11/30/2012	FDL
/RU000A0JU0A4=MM	Baa3	6/25/2012	MDL
/RU000A0JU0A4=MM	BBB+	11/30/2012	FDL
/RU000A0JTT62=MM	Baa3	6/25/2012	MDL
/RU000A0JTT62=MM	BBB+	11/30/2012	FDL
/RU000A0JU4X8=MM	Baa3	6/25/2012	MDL
/RU000A0JU4X8=MM	BBB+	11/30/2012	FDL
/RU000A0JRK55=MM	Baa3	6/25/2012	MDL
/RU000A0JRK55=MM	BBB+	11/30/2012	FDL
/RU000A0JTF43=MM	Baa3	6/25/2012	MDL
/RU000A0JTF43=MM	BBB+	11/30/2012	FDL
/RU000A0JRPJ8=MM	B3	5/16/2012	MDL
/RU000A0JU0B2=MM	B3	5/16/2012	MDL
/RU000A0GKGF6=MM			
/RU000A0JR050=MM	BBB	12/8/2008	SPI
/RU000A0JR050=MM	A3	2/2/2007	MIS
/RU000A0JR050=MM	A3	2/2/2007	MDL
/RU000A0JR050=MM	WD	9/25/2013	FDL
/RU000A0JR043=MM	BBB	12/8/2008	SPI
/RU000A0JR043=MM	A3	2/2/2007	MIS
/RU000A0JR043=MM	A3	2/2/2007	MDL
/RU000A0JR043=MM	WD	9/25/2013	FDL
/RU000A0JQH85=MM	BBB	12/8/2008	SPI
/RU000A0JQH85=MM	A3	2/2/2007	MIS
/RU000A0JQH85=MM	A3	2/2/2007	MDL
/RU000A0JQH85=MM	WD	9/25/2013	FDL
/RU000A0JR0Q5=MM	BBB	12/8/2008	SPI
/RU000A0JR0Q5=MM	A3	2/2/2007	MIS
/RU000A0JR0Q5=MM	A3	2/2/2007	MDL
/RU000A0JR0Q5=MM	WD	9/25/2013	FDL
/RU000A0JQ6D1=MM	AAA	6/18/1991	SPI
/RU000A0JQ6D1=MM	Aaa	12/21/1994	MIS
/RU000A0JQ6D1=MM	Aaa	12/21/1994	MDL
/RU000A0JQ6D1=MM	WD	12/14/2005	FIS
/RU000A0JQ6D1=MM	AAA	12/14/2005	FDL
/RU000A0JQ4Z9=MM	AAA	6/18/1991	SPI
/RU000A0JQ4Z9=MM	Aaa	12/21/1994	MIS
/RU000A0JQ4Z9=MM	Aaa	12/21/1994	MDL
/RU000A0JQ4Z9=MM	WD	12/14/2005	FIS
/RU000A0JQ4Z9=MM	AAA	12/14/2005	FDL
/RU000A0JR183=MM	AAA	6/18/1991	SPI
/RU000A0JR183=MM	Aaa	12/21/1994	MIS
/RU000A0JR183=MM	Aaa	12/21/1994	MDL
/RU000A0JR183=MM	WD	12/14/2005	FIS
/RU000A0JR183=MM	AAA	12/14/2005	FDL
/RU000A0JR191=MM	AAA	6/18/1991	SPI
/RU000A0JR191=MM	Aaa	12/21/1994	MIS
/RU000A0JR191=MM	Aaa	12/21/1994	MDL
/RU000A0JR191=MM	WD	12/14/2005	FIS
/RU000A0JR191=MM	AAA	12/14/2005	FDL
/RU000A0JR1A7=MM	AAA	6/18/1991	SPI
/RU000A0JR1A7=MM	Aaa	12/21/1994	MIS
/RU000A0JR1A7=MM	Aaa	12/21/1994	MDL
/RU000A0JR1A7=MM	WD	12/14/2005	FIS
/RU000A0JR1A7=MM	AAA	12/14/2005	FDL
/RU000A0JRHE6=MM	AAA	6/18/1991	SPI
/RU000A0JRHE6=MM	Aaa	12/21/1994	MIS
/RU000A0JRHE6=MM	Aaa	12/21/1994	MDL
/RU000A0JRHE6=MM	WD	12/14/2005	FIS
/RU000A0JRHE6=MM	AAA	12/14/2005	FDL
/RU000A0JRSV7=MM			
/RU000A0JUD00=MM			
/RU000A0JUD34=MM			
/RU000A0JTFR8=MM			
/RU000A0JQBM4=MM	B	8/16/2012	SPI
/RU000A0JSXR3=MM	B	8/16/2012	SPI
/RU000A0JRKW2=MM	Ba3	4/15/2013	MDL
/RU000A0JQWB3=MM			
/RU000A0JQTD5=MM	B+	11/24/2011	SPI
/RU000A0JR3P1=MM	B+	11/24/2011	SPI
/RU000A0JQTQ7=MM	B+	11/24/2011	SPI
/RU000A0JR3Q9=MM	B+	11/24/2011	SPI
/RU000A0JRJW4=MM	B+	11/24/2011	SPI
/RU000A0JRJM5=MM	B+	11/24/2011	SPI
/RU000A0JS8Y1=MM	BBB	12/8/2008	SPI
/RU000A0JS8Y1=MM	A3	2/2/2007	MIS
/RU000A0JS8Y1=MM	A3	2/2/2007	MDL
/RU000A0JS8Y1=MM	WD	9/25/2013	FDL
/RU000A0JS8Z8=MM	BBB	12/8/2008	SPI
/RU000A0JS8Z8=MM	A3	2/2/2007	MIS
/RU000A0JS8Z8=MM	A3	2/2/2007	MDL
/RU000A0JS8Z8=MM	WD	9/25/2013	FDL
/RU000A0JS900=MM	BBB	12/8/2008	SPI
/RU000A0JS900=MM	A3	2/2/2007	MIS
/RU000A0JS900=MM	A3	2/2/2007	MDL
/RU000A0JS900=MM	WD	9/25/2013	FDL
/RU000A0JS8X3=MM	BBB	12/8/2008	SPI
/RU000A0JS8X3=MM	A3	2/2/2007	MIS
/RU000A0JS8X3=MM	A3	2/2/2007	MDL
/RU000A0JS8X3=MM	WD	9/25/2013	FDL
/RU000A0JQXQ9=MM	BB	5/29/2008	SPI
/RU000A0JQXQ9=MM	BB	7/9/2008	FDL
/RU000A0JR4Z8=MM	BB	5/29/2008	SPI
/RU000A0JR4Z8=MM	BB	7/9/2008	FDL
/RU000A0JR6N9=MM			
/RU000A0JR6P4=MM			
/RU000A0JRVM0=MM			
/RU000A0JTHY0=MM			
/RU000A0JT9S0=MM	BB	6/11/2013	FDL
/RU000A0JTPG0=MM	BB	6/11/2013	FDL
/RU000A0JTT13=MM	BB	6/11/2013	FDL
/RU000A0JU6G8=MM	BB	6/11/2013	FDL
/RU000A0JTZG9=MM	B	12/19/2012	FDL
/RU000A0JUDX9=MM			
/RU000A0JTD37=MM			
/RU000A0JTH82=MM			
/RU000A0JRTW3=MM			
/RU000A0JS264=MM			
/RU000A0JT3J2=MM			
/RU000A0JR217=MM	BBB	3/4/2008	SPI
/RU000A0JR217=MM	Baa3	11/23/2012	MIS
/RU000A0JR217=MM	Baa3	2/7/2014	MDL
/RU000A0JR217=MM	BBB	10/25/2013	FDL
/RU000A0JR3L0=MM	BBB	3/4/2008	SPI
/RU000A0JR3L0=MM	Baa3	11/23/2012	MIS
/RU000A0JR3L0=MM	Baa3	2/7/2014	MDL
/RU000A0JR3L0=MM	BBB	10/25/2013	FDL
/RU000A0JS7H8=MM	BBB	3/4/2008	SPI
/RU000A0JS7H8=MM	Baa3	11/23/2012	MIS
/RU000A0JS7H8=MM	Baa3	2/7/2014	MDL
/RU000A0JS7H8=MM	BBB	10/25/2013	FDL
/RU000A0JRL96=MM	BBB	3/4/2008	SPI
/RU000A0JRL96=MM	Baa3	11/23/2012	MIS
/RU000A0JRL96=MM	Baa3	2/7/2014	MDL
/RU000A0JRL96=MM	BBB	10/25/2013	FDL
/RU000A0JRUS9=MM	BBB	3/4/2008	SPI
/RU000A0JRUS9=MM	Baa3	11/23/2012	MIS
/RU000A0JRUS9=MM	Baa3	2/7/2014	MDL
/RU000A0JRUS9=MM	BBB	10/25/2013	FDL
/RU000A0JRZK5=MM	BBB	3/4/2008	SPI
/RU000A0JRZK5=MM	Baa3	11/23/2012	MIS
/RU000A0JRZK5=MM	Baa3	2/7/2014	MDL
/RU000A0JRZK5=MM	BBB	10/25/2013	FDL
/RU000A0JRMX6=MM	BBB	3/4/2008	SPI
/RU000A0JRMX6=MM	Baa3	11/23/2012	MIS
/RU000A0JRMX6=MM	Baa3	2/7/2014	MDL
/RU000A0JRMX6=MM	BBB	10/25/2013	FDL
/RU000A0JT7T2=MM	BBB	3/4/2008	SPI
/RU000A0JT7T2=MM	Baa3	11/23/2012	MIS
/RU000A0JT7T2=MM	Baa3	2/7/2014	MDL
/RU000A0JT7T2=MM	BBB	10/25/2013	FDL
/RU000A0JSQ58=MM	BBB	3/4/2008	SPI
/RU000A0JSQ58=MM	Baa3	11/23/2012	MIS
/RU000A0JSQ58=MM	Baa3	2/7/2014	MDL
/RU000A0JSQ58=MM	BBB	10/25/2013	FDL
/RU000A0JTYJ6=MM	BBB	3/4/2008	SPI
/RU000A0JTYJ6=MM	Baa3	11/23/2012	MIS
/RU000A0JTYJ6=MM	Baa3	2/7/2014	MDL
/RU000A0JTYJ6=MM	BBB	10/25/2013	FDL
/RU000A0JTKA4=MM	BBB	3/4/2008	SPI
/RU000A0JTKA4=MM	Baa3	11/23/2012	MIS
/RU000A0JTKA4=MM	Baa3	2/7/2014	MDL
/RU000A0JTKA4=MM	BBB	10/25/2013	FDL
/RU000A0JT2K2=MM	BBB	3/4/2008	SPI
/RU000A0JT2K2=MM	Baa3	11/23/2012	MIS
/RU000A0JT2K2=MM	Baa3	2/7/2014	MDL
/RU000A0JT2K2=MM	BBB	10/25/2013	FDL
/RU000A0JU2K9=MM	BBB	3/4/2008	SPI
/RU000A0JU2K9=MM	Baa3	11/23/2012	MIS
/RU000A0JU2K9=MM	Baa3	2/7/2014	MDL
/RU000A0JU2K9=MM	BBB	10/25/2013	FDL
/RU000A0JU2L7=MM	BBB	3/4/2008	SPI
/RU000A0JU2L7=MM	Baa3	11/23/2012	MIS
/RU000A0JU2L7=MM	Baa3	2/7/2014	MDL
/RU000A0JU2L7=MM	BBB	10/25/2013	FDL
/RU000A0JTYK4=MM	BBB	3/4/2008	SPI
/RU000A0JTYK4=MM	Baa3	11/23/2012	MIS
/RU000A0JTYK4=MM	Baa3	2/7/2014	MDL
/RU000A0JTYK4=MM	BBB	10/25/2013	FDL
/RU000A0JU7S1=MM	BBB	3/4/2008	SPI
/RU000A0JU7S1=MM	Baa3	11/23/2012	MIS
/RU000A0JU7S1=MM	Baa3	2/7/2014	MDL
/RU000A0JU7S1=MM	BBB	10/25/2013	FDL
/RU000A0JUC92=MM	BBB	3/4/2008	SPI
/RU000A0JUC92=MM	Baa3	11/23/2012	MIS
/RU000A0JUC92=MM	Baa3	2/7/2014	MDL
/RU000A0JUC92=MM	BBB	10/25/2013	FDL
/RU000A0JUCA9=MM	BBB	3/4/2008	SPI
/RU000A0JUCA9=MM	Baa3	11/23/2012	MIS
/RU000A0JUCA9=MM	Baa3	2/7/2014	MDL
/RU000A0JUCA9=MM	BBB	10/25/2013	FDL
/RU000A0JR1Y7=MM	BBB	3/4/2008	SPI
/RU000A0JR1Y7=MM	Baa3	11/23/2012	MIS
/RU000A0JR1Y7=MM	Baa3	2/7/2014	MDL
/RU000A0JR1Y7=MM	BBB	10/25/2013	FDL
/RU000A0JR1Z4=MM	BBB	3/4/2008	SPI
/RU000A0JR1Z4=MM	Baa3	11/23/2012	MIS
/RU000A0JR1Z4=MM	Baa3	2/7/2014	MDL
/RU000A0JR1Z4=MM	BBB	10/25/2013	FDL
/RU000A0JR209=MM	BBB	3/4/2008	SPI
/RU000A0JR209=MM	Baa3	11/23/2012	MIS
/RU000A0JR209=MM	Baa3	2/7/2014	MDL
/RU000A0JR209=MM	BBB	10/25/2013	FDL
/RU000A0JR3M8=MM	BBB	3/4/2008	SPI
/RU000A0JR3M8=MM	Baa3	11/23/2012	MIS
/RU000A0JR3M8=MM	Baa3	2/7/2014	MDL
/RU000A0JR3M8=MM	BBB	10/25/2013	FDL
/RU000A0JT7U0=MM	BBB	3/4/2008	SPI
/RU000A0JT7U0=MM	Baa3	11/23/2012	MIS
/RU000A0JT7U0=MM	Baa3	2/7/2014	MDL
/RU000A0JT7U0=MM	BBB	10/25/2013	FDL
/RU000A0JQFP8=MM			
/RU000A0JU6S3=MM	B3	3/14/2013	MDL
/RU000A0JS8R5=MM			
/RU000A0JU5Z0=MM	BBB-	8/28/2012	SPI
/RU000A0JU5Z0=MM	Baa3	4/2/2013	MDL
/RU000A0JU5Z0=MM	BBB-	3/12/2013	FDL
/RU000A0JS3V8=MM			
/RU000A0JTKY4=MM			
/RU000A0JTZ31=MM			
/RU000A0JU8V3=MM	B-	9/17/2013	SPI
/RU000A0JUD42=MM	BB-	11/26/2013	SPI
/RU000A0JUD42=MM	BB	11/16/2009	FDL
/RU000A0JRN86=MM	BB-	11/26/2013	SPI
/RU000A0JRN86=MM	BB	11/16/2009	FDL
/RU000A0JRN78=MM	BB-	11/26/2013	SPI
/RU000A0JRN78=MM	BB	11/16/2009	FDL
/RU000A0JTDW3=MM	BB-	11/26/2013	SPI
/RU000A0JTDW3=MM	BB	11/16/2009	FDL
/RU000A0JRFZ5=MM			
/RU000A0JP518=MM			
/RU000A0JTKB2=MM	BB-	9/10/2012	SPI
/RU000A0JTKM9=MM	BB-	9/10/2012	SPI
/RU000A0JU5S5=MM	BB-	9/10/2012	SPI
/RU000A0JU609=MM	BB-	9/10/2012	SPI
/RU000A0JQ4W6=MM	WD	1/27/2010	FDL
/RU000A0JQ540=MM	WD	1/27/2010	FDL
/RU000A0JR878=MM	BBB-	1/9/2008	SPI
/RU000A0JR878=MM	Baa2	11/21/2013	MIS
/RU000A0JR878=MM	Baa2	11/21/2013	MDL
/RU000A0JR878=MM	NR	7/19/1999	FIS
/RU000A0JR878=MM	BBB	10/29/2013	FDL
/RU000A0JS3B0=MM	BBB-	1/9/2008	SPI
/RU000A0JS3B0=MM	Baa2	11/21/2013	MIS
/RU000A0JS3B0=MM	Baa2	11/21/2013	MDL
/RU000A0JS3B0=MM	NR	7/19/1999	FIS
/RU000A0JS3B0=MM	BBB	10/29/2013	FDL
/RU000A0JTDY9=MM	BBB-	1/9/2008	SPI
/RU000A0JTDY9=MM	Baa2	11/21/2013	MIS
/RU000A0JTDY9=MM	Baa2	11/21/2013	MDL
/RU000A0JTDY9=MM	NR	7/19/1999	FIS
/RU000A0JTDY9=MM	BBB	10/29/2013	FDL
/RU000A0JQ557=MM	BBB-	1/9/2008	SPI
/RU000A0JQ557=MM	Baa2	11/21/2013	MIS
/RU000A0JQ557=MM	Baa2	11/21/2013	MDL
/RU000A0JQ557=MM	NR	7/19/1999	FIS
/RU000A0JQ557=MM	BBB	10/29/2013	FDL
/RU000A0JR852=MM	BBB-	1/9/2008	SPI
/RU000A0JR852=MM	Baa2	11/21/2013	MIS
/RU000A0JR852=MM	Baa2	11/21/2013	MDL
/RU000A0JR852=MM	NR	7/19/1999	FIS
/RU000A0JR852=MM	BBB	10/29/2013	FDL
/RU000A0JR860=MM	BBB-	1/9/2008	SPI
/RU000A0JR860=MM	Baa2	11/21/2013	MIS
/RU000A0JR860=MM	Baa2	11/21/2013	MDL
/RU000A0JR860=MM	NR	7/19/1999	FIS
/RU000A0JR860=MM	BBB	10/29/2013	FDL
/RU000A0JQ6T7=MM	BBB	11/29/2006	SPI
/RU000A0JQ6T7=MM	Baa1	2/17/2014	MIS
/RU000A0JQ6T7=MM	Baa1	2/17/2014	MDL
/RU000A0JQ6T7=MM	WD	7/13/2006	FIS
/RU000A0JQ6T7=MM	BBB	4/1/2008	FDL
/RU000A0JTNB6=MM	BBB	2/21/2013	SPI
/RU000A0JTNC4=MM	BBB	2/21/2013	SPI
/RU000A0JTND2=MM	BBB	2/21/2013	SPI
/RU000A0JT6D8=MM	BBB-	8/28/2012	SPI
/RU000A0JT6D8=MM	Baa3	4/2/2013	MDL
/RU000A0JT6D8=MM	BBB-	3/12/2013	FDL
/RU000A0JT6G1=MM	BBB-	8/28/2012	SPI
/RU000A0JT6G1=MM	Baa3	4/2/2013	MDL
/RU000A0JT6G1=MM	BBB-	3/12/2013	FDL
/RU000A0JT6J5=MM	BBB-	8/28/2012	SPI
/RU000A0JT6J5=MM	Baa3	4/2/2013	MDL
/RU000A0JT6J5=MM	BBB-	3/12/2013	FDL
/RU000A0JT767=MM	BBB-	8/28/2012	SPI
/RU000A0JT767=MM	Baa3	4/2/2013	MDL
/RU000A0JT767=MM	BBB-	3/12/2013	FDL
/RU000A0JU1X4=MM	BBB-	8/28/2012	SPI
/RU000A0JU1X4=MM	Baa3	4/2/2013	MDL
/RU000A0JU1X4=MM	BBB-	3/12/2013	FDL
/RU000A0JU7Y9=MM	BBB-	8/28/2012	SPI
/RU000A0JU7Y9=MM	Baa3	4/2/2013	MDL
/RU000A0JU7Y9=MM	BBB-	3/12/2013	FDL
/RU000A0JSD38=MM	BBB-	8/28/2012	SPI
/RU000A0JSD38=MM	Baa3	4/2/2013	MDL
/RU000A0JSD38=MM	BBB-	3/12/2013	FDL
/RU000A0JRMP2=MM	BBB-	8/28/2012	SPI
/RU000A0JRMP2=MM	Baa3	4/2/2013	MDL
/RU000A0JRMP2=MM	BBB-	3/12/2013	FDL
/RU000A0JS322=MM	BBB-	8/28/2012	SPI
/RU000A0JS322=MM	Baa3	4/2/2013	MDL
/RU000A0JS322=MM	BBB-	3/12/2013	FDL
/RU000A0JS173=MM	BBB-	8/28/2012	SPI
/RU000A0JS173=MM	Baa3	4/2/2013	MDL
/RU000A0JS173=MM	BBB-	3/12/2013	FDL
/RU000A0JU807=MM	B	9/19/2013	SPI
/RU000A0JR4U9=MM			
/RU000A0JTFB2=MM			
/RU000A0JTB96=MM			
/RU000A0JRB31=MM	B2	6/2/2010	MDL
/RU000A0JRB31=MM	B	3/23/2011	FDL
/RU000A0JQ6A7=MM	NR	9/1/2011	SPI
/RU000A0JQ6A7=MM	Ba3	10/4/2013	MDL
/RU000A0JQ6A7=MM	BB	3/21/2013	FDL
/RU000A0JQV12=MM	NR	9/1/2011	SPI
/RU000A0JQV12=MM	Ba3	10/4/2013	MDL
/RU000A0JQV12=MM	BB	3/21/2013	FDL
/RU000A0JRFK7=MM	NR	9/1/2011	SPI
/RU000A0JRFK7=MM	Ba3	10/4/2013	MDL
/RU000A0JRFK7=MM	BB	3/21/2013	FDL
/RU000A0JTPN6=MM	NR	9/1/2011	SPI
/RU000A0JTPN6=MM	Ba3	10/4/2013	MDL
/RU000A0JTPN6=MM	BB	3/21/2013	FDL
/RU000A0JRFJ9=MM	NR	9/1/2011	SPI
/RU000A0JRFJ9=MM	Ba3	10/4/2013	MDL
/RU000A0JRFJ9=MM	BB	3/21/2013	FDL
/RU000A0JUAW7=MM			
/RU000A0JS7J4=MM			
/RU000A0JU8S9=MM			
/RU000A0JU2J1=MM			
/RU000A0JTHU8=MM			
/RU000A0JUG15=MM			
/RU000A0JTSV3=MM			
/RU000A0JUCP7=MM			
/RU000A0JTFA4=MM			
/RU000A0JTQF0=MM			
/RU000A0JTD45=MM			
/RU000A0JU0Y4=MM			
/RU000A0JQC15=MM			
/RU000A0JTG91=MM			
/RU000A0JUCX1=MM			
/RU000A0JTZ98=MM			
/RU000A0JUDD1=MM			
/RU000A0JSF02=MM			
/RU000A0JS215=MM			
/RU000A0JUEJ6=MM			
/RU000A0JTFT4=MM			
/RU000A0JT387=MM	B+	4/27/2012	SPI
/RU000A0JU8X9=MM	B+	4/27/2012	SPI
/RU000A0JRMD8=MM	Baa2	6/18/2012	MDL
/RU000A0JRMD8=MM	BBB+	6/20/2013	FDL
/RU000A0JRVS7=MM	Baa2	6/18/2012	MDL
/RU000A0JRVS7=MM	BBB+	6/20/2013	FDL
/RU000A0JS1H1=MM			
/RU000A0JU7V5=MM			
/RU000A0JUE66=MM			
/RU000A0JS9U7=MM			
/RU000A0JRWE5=MM			
/RU000A0JU682=MM	B+	4/27/2012	SPI
/RU000A0JQUL6=MM			
/RU000A0JQ763=MM			
/RU000A0JS6B3=MM	Ba1	5/15/2012	MDL
/RU000A0JT8E2=MM	Ba1	5/15/2012	MDL
/RU000A0JS6V1=MM			
/RU000A0JU1A2=MM			
/RU000A0JU559=MM			
/RU000A0JU5B1=MM			
/RU000A0JTZN5=MM			
/RU000A0JU9Q1=MM			
/RU000A0JUA45=MM	Ba2	8/8/2008	MDL
/RU000A0JRED5=MM	NR	4/20/2009	SPI
/RU000A0JT3A1=MM	Ba1	9/25/2013	MDL
/RU000A0JR605=MM			
/RU000A0JS8Q7=MM			
/RU000A0JTT96=MM			
/RU000A0JRFA8=MM			
/RU000A0JQPQ5=MM			
/RU000A0JS744=MM	BB-	6/11/2013	FDL
/RU000A0JTW91=MM	BB-	6/11/2013	FDL
/RU000A0JTZ56=MM			
/RU000A0JRKP6=MM	B2	6/28/2013	MDL
/RU000A0JRJ09=MM	B-	4/19/2013	SPI
/RU000A0JRJ09=MM	B2	1/31/2011	MDL
/RU000A0JS7E5=MM	B-	7/27/2011	SPI
/RU000A0JR696=MM	B+	12/9/2011	SPI
/RU000A0JR696=MM	B+	9/21/2011	FDL
/RU000A0JTW42=MM	B+	12/9/2011	SPI
/RU000A0JTW42=MM	B+	9/21/2011	FDL
/RU000A0JU5A3=MM	B+	12/9/2011	SPI
/RU000A0JU5A3=MM	B+	9/21/2011	FDL
/RU000A0JREA1=MM			
/RU000A0JRKN1=MM			
/RU000A0JRFX0=MM			
/RU000A0JUA94=MM	B+	7/23/2013	FDL
/RU000A0JTMR4=MM	B2	1/24/2007	MDL
/RU000A0JTMR4=MM	WD	2/23/2006	FIS
/RU000A0JTMR4=MM	B+	6/3/2010	FDL
/RU000A0JSRR5=MM	B2	1/24/2007	MDL
/RU000A0JSRR5=MM	WD	2/23/2006	FIS
/RU000A0JSRR5=MM	B+	6/3/2010	FDL
/RU000A0JS6P3=MM			
/RU000A0JUD59=MM			
/RU000A0JSZM9=MM	B2	6/2/2010	MDL
/RU000A0JSZM9=MM	B	3/23/2011	FDL
/RU000A0JT8Z7=MM	B2	6/2/2010	MDL
/RU000A0JT8Z7=MM	B	3/23/2011	FDL
/RU000A0JRCC1=MM	B2	6/2/2010	MDL
/RU000A0JRCC1=MM	B	3/23/2011	FDL
/RU000A0JRN45=MM	B2	6/2/2010	MDL
/RU000A0JRN45=MM	B	3/23/2011	FDL
/RU000A0JSAC3=MM			
/RU000A0JTFX6=MM	B+	7/29/2013	SPI
/RU000A0JS785=MM	Ba2	2/7/2014	MDL
/RU000A0JTVA1=MM	Ba2	2/7/2014	MDL
/RU000A0JTR72=MM	B+	2/8/2013	SPI
/RU000A0JTR72=MM	B1	1/16/2013	MDL
/RU000A0JTR80=MM	B+	2/8/2013	SPI
/RU000A0JTR80=MM	B1	1/16/2013	MDL
/RU000A0JTQB9=MM	B+	2/8/2013	SPI
/RU000A0JTQB9=MM	B1	1/16/2013	MDL
/RU000A0JQYJ2=MM	B2	1/24/2007	MDL
/RU000A0JQYJ2=MM	WD	2/23/2006	FIS
/RU000A0JQYJ2=MM	B+	6/3/2010	FDL
/RU000A0JU153=MM	B2	1/24/2007	MDL
/RU000A0JU153=MM	WD	2/23/2006	FIS
/RU000A0JU153=MM	B+	6/3/2010	FDL
/RU000A0JTZ64=MM	B3	5/29/2013	MDL
/RU000A0JPQA9=MM	BB-	12/9/2011	SPI
/RU000A0JPQA9=MM	Ba3	12/13/2013	MDL
/RU000A0JPQA9=MM	WD	10/30/2006	FIS
/RU000A0JPQA9=MM	WD	3/21/2013	FDL
/RU000A0JR6H1=MM	BB-	12/9/2011	SPI
/RU000A0JR6H1=MM	Ba3	12/13/2013	MDL
/RU000A0JR6H1=MM	WD	10/30/2006	FIS
/RU000A0JR6H1=MM	WD	3/21/2013	FDL
/RU000A0JS0W2=MM	BB-	12/9/2011	SPI
/RU000A0JS0W2=MM	Ba3	12/13/2013	MDL
/RU000A0JS0W2=MM	WD	10/30/2006	FIS
/RU000A0JS0W2=MM	WD	3/21/2013	FDL
/RU000A0JTLJ3=MM	BB-	7/5/2011	FDL
/RU000A0JTLL9=MM	BB-	7/5/2011	FDL
/RU000A0JS6K4=MM	B3	3/26/2013	MDL
/RU000A0JT3S3=MM	B2	5/22/2012	MDL
/RU000A0JU575=MM	B2	5/22/2012	MDL
/RU000A0JSLP2=MM	AAA	6/16/1989	SPI
/RU000A0JSLP2=MM	Aaa	12/21/1994	MIS
/RU000A0JSLP2=MM	Aaa	12/21/1994	MDL
/RU000A0JSLQ0=MM	AAA	6/16/1989	SPI
/RU000A0JSLQ0=MM	Aaa	12/21/1994	MIS
/RU000A0JSLQ0=MM	Aaa	12/21/1994	MDL
/RU000A0JSLR8=MM	AAA	6/16/1989	SPI
/RU000A0JSLR8=MM	Aaa	12/21/1994	MIS
/RU000A0JSLR8=MM	Aaa	12/21/1994	MDL
/RU000A0JPFF1=MM	Ba2	2/19/2014	MDL
/RU000A0JPW46=MM	Ba2	2/19/2014	MDL
/RU000A0JU9D9=MM	Ba2	2/19/2014	MDL
/RU000A0JQTF0=MM			
/RU000A0JTF50=MM	BB-	10/8/2013	SPI
/RU000A0JTF50=MM	B1	5/30/2013	MDL
/RU000A0JTF50=MM	WD	9/13/2006	FIS
/RU000A0JTF50=MM	BB	11/11/2013	FDL
/RU000A0JTPD7=MM	BB-	10/8/2013	SPI
/RU000A0JTPD7=MM	B1	5/30/2013	MDL
/RU000A0JTPD7=MM	WD	9/13/2006	FIS
/RU000A0JTPD7=MM	BB	11/11/2013	FDL
/RU000A0JQY50=MM	BB-	10/8/2013	SPI
/RU000A0JQY50=MM	B1	5/30/2013	MDL
/RU000A0JQY50=MM	WD	9/13/2006	FIS
/RU000A0JQY50=MM	BB	11/11/2013	FDL
/RU000A0JQU70=MM	BB-	10/8/2013	SPI
/RU000A0JQU70=MM	B1	5/30/2013	MDL
/RU000A0JQU70=MM	WD	9/13/2006	FIS
/RU000A0JQU70=MM	BB	11/11/2013	FDL
/RU000A0JT1F4=MM	BB-	10/8/2013	SPI
/RU000A0JT1F4=MM	B1	5/30/2013	MDL
/RU000A0JT1F4=MM	WD	9/13/2006	FIS
/RU000A0JT1F4=MM	BB	11/11/2013	FDL
/RU000A0JS7G0=MM	BB-	10/8/2013	SPI
/RU000A0JS7G0=MM	B1	5/30/2013	MDL
/RU000A0JS7G0=MM	WD	9/13/2006	FIS
/RU000A0JS7G0=MM	BB	11/11/2013	FDL
/RU000A0JRER5=MM	BB-	10/8/2013	SPI
/RU000A0JRER5=MM	B1	5/30/2013	MDL
/RU000A0JRER5=MM	WD	9/13/2006	FIS
/RU000A0JRER5=MM	BB	11/11/2013	FDL
/RU000A0JRKG5=MM	BB-	10/8/2013	SPI
/RU000A0JRKG5=MM	B1	5/30/2013	MDL
/RU000A0JRKG5=MM	WD	9/13/2006	FIS
/RU000A0JRKG5=MM	BB	11/11/2013	FDL
/RU000A0JU8W1=MM	BB-	10/8/2013	SPI
/RU000A0JU8W1=MM	B1	5/30/2013	MDL
/RU000A0JU8W1=MM	WD	9/13/2006	FIS
/RU000A0JU8W1=MM	BB	11/11/2013	FDL
/RU000A0JU880=MM	BB-	10/8/2013	SPI
/RU000A0JU880=MM	B1	5/30/2013	MDL
/RU000A0JU880=MM	WD	9/13/2006	FIS
/RU000A0JU880=MM	BB	11/11/2013	FDL
/RU000A0JTDP7=MM	NR	1/20/2010	SPI
/RU000A0JTDP7=MM	WR	8/16/2005	MIS
/RU000A0JTDP7=MM	Ba3	4/19/2013	MDL
/RU000A0JTDP7=MM	WD	2/5/2007	FIS
/RU000A0JTDP7=MM	BB+	5/19/2011	FDL
/RU000A0JRM87=MM	NR	1/20/2010	SPI
/RU000A0JRM87=MM	WR	8/16/2005	MIS
/RU000A0JRM87=MM	Ba3	4/19/2013	MDL
/RU000A0JRM87=MM	WD	2/5/2007	FIS
/RU000A0JRM87=MM	BB+	5/19/2011	FDL
/RU000A0JRMZ1=MM	NR	1/20/2010	SPI
/RU000A0JRMZ1=MM	WR	8/16/2005	MIS
/RU000A0JRMZ1=MM	Ba3	4/19/2013	MDL
/RU000A0JRMZ1=MM	WD	2/5/2007	FIS
/RU000A0JRMZ1=MM	BB+	5/19/2011	FDL
/RU000A0JT9D2=MM	BB	2/18/2013	SPI
/RU000A0JT9D2=MM	Ba2	2/7/2014	MDL
/RU000A0JT9D2=MM	BB+	8/9/2013	FDL
/RU000A0JTMD4=MM	BB	2/18/2013	SPI
/RU000A0JTMD4=MM	Ba2	2/7/2014	MDL
/RU000A0JTMD4=MM	BB+	8/9/2013	FDL
/RU000A0JT0U5=MM	BB	2/18/2013	SPI
/RU000A0JT0U5=MM	Ba2	2/7/2014	MDL
/RU000A0JT0U5=MM	BB+	8/9/2013	FDL
/RU000A0JTYS7=MM			
/RU000A0JTQJ2=MM	B3	11/6/2013	MDL
/RU000A0JT601=MM			
/RU000A0JTG26=MM	Ba2	2/7/2014	MDL
/RU000A0JTKL1=MM	BB	2/25/2013	SPI
/RU000A0JTKL1=MM	Ba2	2/7/2014	MDL
/RU000A0JQAR5=MM			
/RU000A0JS5R1=MM	BBB	12/8/2008	SPI
/RU000A0JS5R1=MM	Baa2	4/2/2013	MDL
/RU000A0JS603=MM	BBB	12/8/2008	SPI
/RU000A0JS603=MM	Baa2	4/2/2013	MDL
/RU000A0JU1H7=MM	BBB	12/8/2008	SPI
/RU000A0JU1H7=MM	Baa2	4/2/2013	MDL
/RU000A0JU1J3=MM	BBB	12/8/2008	SPI
/RU000A0JU1J3=MM	Baa2	4/2/2013	MDL
/RU000A0JUAK2=MM	BBB	12/8/2008	SPI
/RU000A0JUAK2=MM	Baa2	4/2/2013	MDL
/RU000A0JUAL0=MM	BBB	12/8/2008	SPI
/RU000A0JUAL0=MM	Baa2	4/2/2013	MDL
/RU000A0JQ0E2=MM	BB+	7/25/2013	SPI
/RU000A0JQ0E2=MM	WR	8/16/2005	MIS
/RU000A0JQ0E2=MM	Ba2	5/20/2013	MDL
/RU000A0JQ0E2=MM	BB+	4/7/2008	FDL
/RU000A0JPTJ4=MM	BB+	7/25/2013	SPI
/RU000A0JPTJ4=MM	WR	8/16/2005	MIS
/RU000A0JPTJ4=MM	Ba2	5/20/2013	MDL
/RU000A0JPTJ4=MM	BB+	4/7/2008	FDL
/RU000A0JQ5E1=MM	BB+	7/25/2013	SPI
/RU000A0JQ5E1=MM	WR	8/16/2005	MIS
/RU000A0JQ5E1=MM	Ba2	5/20/2013	MDL
/RU000A0JQ5E1=MM	BB+	4/7/2008	FDL
/RU000A0JQ8Q9=MM	BB+	7/25/2013	SPI
/RU000A0JQ8Q9=MM	WR	8/16/2005	MIS
/RU000A0JQ8Q9=MM	Ba2	5/20/2013	MDL
/RU000A0JQ8Q9=MM	BB+	4/7/2008	FDL
/RU000A0JR4H6=MM	BB+	7/25/2013	SPI
/RU000A0JR4H6=MM	WR	8/16/2005	MIS
/RU000A0JR4H6=MM	Ba2	5/20/2013	MDL
/RU000A0JR4H6=MM	BB+	4/7/2008	FDL
/RU000A0JR4J2=MM	BB+	7/25/2013	SPI
/RU000A0JR4J2=MM	WR	8/16/2005	MIS
/RU000A0JR4J2=MM	Ba2	5/20/2013	MDL
/RU000A0JR4J2=MM	BB+	4/7/2008	FDL
/RU000A0JTTA5=MM	BB+	7/25/2013	SPI
/RU000A0JTTA5=MM	WR	8/16/2005	MIS
/RU000A0JTTA5=MM	Ba2	5/20/2013	MDL
/RU000A0JTTA5=MM	BB+	4/7/2008	FDL
/RU000A0JQ6C3=MM	B1	7/3/2013	MDL
/RU000A0JQ6C3=MM	B+	7/20/2007	FDL
/RU000A0JTXY7=MM			
/RU000A0JTP09=MM	BB	4/8/2013	SPI
/RU000A0JR142=MM	BB	4/8/2013	SPI
/RU000A0JR159=MM	BB	4/8/2013	SPI
/RU000A0JR9N3=MM	BB	4/8/2013	SPI
/RU000A0JRFQ4=MM	BB	4/8/2013	SPI
/RU000A0JT171=MM	BB	4/8/2013	SPI
/RU000A0JTT21=MM	BB	4/8/2013	SPI
/RU000A0JTT39=MM	BB	4/8/2013	SPI
/RU000A0JTY65=MM	NR	1/20/2010	SPI
/RU000A0JTY65=MM	WR	8/16/2005	MIS
/RU000A0JTY65=MM	Ba3	4/19/2013	MDL
/RU000A0JTY65=MM	WD	2/5/2007	FIS
/RU000A0JTY65=MM	BB+	5/19/2011	FDL
/RU000A0JR0K8=MM	B3	3/18/2013	MDL
/RU000A0JR0J0=MM	B3	3/18/2013	MDL
/RU000A0JR8L9=MM	B3	3/18/2013	MDL
/RU000A0JR8P0=MM	B3	3/18/2013	MDL
/RU000A0JRJS2=MM	B3	3/18/2013	MDL
/RU000A0JRJT0=MM	B3	3/18/2013	MDL
/RU000A0JRJY0=MM	B3	3/18/2013	MDL
/RU000A0JQ8V9=MM	B3	3/18/2013	MDL
/RU000A0JS6G2=MM	B3	3/18/2013	MDL
/RU000A0JS6H0=MM	B3	3/18/2013	MDL
/RU000A0JS3R6=MM	B3	3/18/2013	MDL
/RU000A0JS6E7=MM	B3	3/18/2013	MDL
/RU000A0JS6F4=MM	B3	3/18/2013	MDL
/RU000A0JS6J6=MM	B3	3/18/2013	MDL
/RU000A0JRPK6=MM			
/RU000A0JT4G6=MM	BBB-	9/28/2012	SPI
/RU000A0JTR98=MM	BBB-	9/28/2012	SPI
/RU000A0JTRA9=MM	BBB-	9/28/2012	SPI
/RU000A0JS9F8=MM	B2	12/21/2004	MDL
/RU000A0JS5B5=MM	BB-	7/5/2011	FDL
/RU000A0JS5A7=MM	BB-	7/5/2011	FDL
/RU000A0JS5L4=MM	BB-	7/5/2011	FDL
/RU000A0JRNG9=MM	B2	5/22/2012	MDL
/RU000A0JTW00=MM	B2	5/28/2013	MDL
/RU000A0JU3U6=MM	B	11/27/2012	SPI
/RU000A0JTKN7=MM			
/RU000A0JSX91=MM			
/RU000A0JS587=MM			
/RU000A0JRNR6=MM			
/RU000A0JTVK0=MM			
/RU000A0GN9B5=MM	BB	5/27/2011	SPI
/RU000A0GN9B5=MM	BB+	5/24/2013	FDL
/RU000A0JQLM3=MM	BB	5/27/2011	SPI
/RU000A0JQLM3=MM	BB+	5/24/2013	FDL
/RU000A0JQUT9=MM			
/RU000A0JREV7=MM	B	5/24/2011	SPI
/RU000A0JREV7=MM	B3	5/13/2009	MDL
/RU000A0JU7Q5=MM	B	5/24/2011	SPI
/RU000A0JU7Q5=MM	B3	5/13/2009	MDL
/RU000A0JQ6E9=MM			
/RU000A0JQ6F6=MM			
/RU000A0JSZU2=MM	BB+	6/25/2013	SPI
/RU000A0JSZU2=MM	Baa3	2/5/2013	MIS
/RU000A0JSZU2=MM	Baa3	2/5/2013	MDL
/RU000A0JSZU2=MM	BBB-	5/19/2011	FDL
/RU000A0JTED1=MM	BB+	6/25/2013	SPI
/RU000A0JTED1=MM	Baa3	2/5/2013	MIS
/RU000A0JTED1=MM	Baa3	2/5/2013	MDL
/RU000A0JTED1=MM	BBB-	5/19/2011	FDL
/RU000A0JU294=MM	BB+	6/25/2013	SPI
/RU000A0JU294=MM	Baa3	2/5/2013	MIS
/RU000A0JU294=MM	Baa3	2/5/2013	MDL
/RU000A0JU294=MM	BBB-	5/19/2011	FDL
/RU000A0JS1C2=MM	BB+	6/25/2013	SPI
/RU000A0JS1C2=MM	Baa3	2/5/2013	MIS
/RU000A0JS1C2=MM	Baa3	2/5/2013	MDL
/RU000A0JS1C2=MM	BBB-	5/19/2011	FDL
/RU000A0JS1D0=MM	BB+	6/25/2013	SPI
/RU000A0JS1D0=MM	Baa3	2/5/2013	MIS
/RU000A0JS1D0=MM	Baa3	2/5/2013	MDL
/RU000A0JS1D0=MM	BBB-	5/19/2011	FDL
/RU000A0JSY74=MM	BB+	6/25/2013	SPI
/RU000A0JSY74=MM	Baa3	2/5/2013	MIS
/RU000A0JSY74=MM	Baa3	2/5/2013	MDL
/RU000A0JSY74=MM	BBB-	5/19/2011	FDL
/RU000A0JRW10=MM	BB+	6/25/2013	SPI
/RU000A0JRW10=MM	Baa3	2/5/2013	MIS
/RU000A0JRW10=MM	Baa3	2/5/2013	MDL
/RU000A0JRW10=MM	BBB-	5/19/2011	FDL
/RU000A0JS7L0=MM	BB-	4/15/2011	SPI
/RU000A0JS7L0=MM	Ba3	5/13/2011	MDL
/RU000A0JQZT8=MM	Ba3	4/16/2013	MDL
/RU000A0JQZT8=MM	WD	1/22/2007	FIS
/RU000A0JQZT8=MM	BB-	8/2/2013	FDL
/RU000A0JTTG2=MM	B	6/13/2013	SPI
/RU000A0JTTG2=MM	B2	9/27/2013	MDL
/RU000A0JU7P7=MM	B	6/13/2013	SPI
/RU000A0JU7P7=MM	B2	9/27/2013	MDL
/RU000A0JT502=MM	BBB-	6/23/2010	SPI
/RU000A0JT502=MM	Baa3	8/1/2007	MIS
/RU000A0JT502=MM	Baa3	8/1/2007	MDL
/RU000A0JT502=MM	BBB-	10/19/2009	FDL
/RU000A0JT536=MM	BBB-	6/23/2010	SPI
/RU000A0JT536=MM	Baa3	8/1/2007	MIS
/RU000A0JT536=MM	Baa3	8/1/2007	MDL
/RU000A0JT536=MM	BBB-	10/19/2009	FDL
/RU000A0JT544=MM	BBB-	6/23/2010	SPI
/RU000A0JT544=MM	Baa3	8/1/2007	MIS
/RU000A0JT544=MM	Baa3	8/1/2007	MDL
/RU000A0JT544=MM	BBB-	10/19/2009	FDL
/RU000A0JTU44=MM	B2	9/26/2013	MDL
/RU000A0JTU44=MM	B	12/23/2013	FDL
/RU000A0JT486=MM	B2	9/26/2013	MDL
/RU000A0JT486=MM	B	12/23/2013	FDL
/RU000A0JQ5C5=MM			
/RU000A0JS4S2=MM			
/RU000A0JS4T0=MM			
/RU000A0JRGA6=MM			
/RU000A0JR9F9=MM	B3	10/23/2007	MDL
/RU000A0JRKU6=MM			
/RU000A0JRKV4=MM			
/RU000A0JU0U2=MM	B3	10/23/2007	MDL
/RU000A0JTS30=MM			
/RU000A0JU1W6=MM			
/RU000A0JTX74=MM			
/RU000A0JS6Z2=MM			
/RU000A0JQ748=MM	Ba3	4/16/2013	MDL
/RU000A0JQ748=MM	WD	1/22/2007	FIS
/RU000A0JQ748=MM	BB-	8/2/2013	FDL
/RU000A0JRTX1=MM	Ba3	4/16/2013	MDL
/RU000A0JRTX1=MM	WD	1/22/2007	FIS
/RU000A0JRTX1=MM	BB-	8/2/2013	FDL
/RU000A0JSQF2=MM	Ba3	4/16/2013	MDL
/RU000A0JSQF2=MM	WD	1/22/2007	FIS
/RU000A0JSQF2=MM	BB-	8/2/2013	FDL
/RU000A0JTZT2=MM	Ba3	4/16/2013	MDL
/RU000A0JTZT2=MM	WD	1/22/2007	FIS
/RU000A0JTZT2=MM	BB-	8/2/2013	FDL
/RU000A0JTPV9=MM	BBB-	8/8/2006	SPI
/RU000A0JTPV9=MM	Baa2	4/24/2013	MIS
/RU000A0JTPV9=MM	Baa2	4/24/2013	MDL
/RU000A0JTPV9=MM	BB+	8/19/2011	FDL
/RU000A0JTPX5=MM	BBB-	8/8/2006	SPI
/RU000A0JTPX5=MM	Baa2	4/24/2013	MIS
/RU000A0JTPX5=MM	Baa2	4/24/2013	MDL
/RU000A0JTPX5=MM	BB+	8/19/2011	FDL
/RU000A0JTPY3=MM	BBB-	8/8/2006	SPI
/RU000A0JTPY3=MM	Baa2	4/24/2013	MIS
/RU000A0JTPY3=MM	Baa2	4/24/2013	MDL
/RU000A0JTPY3=MM	BB+	8/19/2011	FDL
/RU000A0JQXS5=MM			
/RU000A0JRL88=MM	B2	9/26/2013	MDL
/RU000A0JRL88=MM	B	12/23/2013	FDL
/RU000A0JU1Y2=MM	BB+	6/25/2013	SPI
/RU000A0JU1Y2=MM	Baa3	2/5/2013	MIS
/RU000A0JU1Y2=MM	Baa3	2/5/2013	MDL
/RU000A0JU1Y2=MM	BBB-	5/19/2011	FDL
/RU000A0JQKG7=MM			
/RU000A0JTFU2=MM			
/RU000A0JU7J0=MM			
/RU000A0JU2F9=MM			
/RU000A0JS3Q8=MM			
/RU000A0JTX09=MM			
/RU000A0JU2N3=MM			
/RU000A0JRCU3=MM	Ba2	10/8/2013	MDL
/RU000A0JRCU3=MM	BB	3/13/2009	FDL
/RU000A0JRN37=MM	Ba2	10/8/2013	MDL
/RU000A0JRN37=MM	BB	3/13/2009	FDL
/RU000A0JRV86=MM	Ba2	10/8/2013	MDL
/RU000A0JRV86=MM	BB	3/13/2009	FDL
/RU000A0JRV94=MM	Ba2	10/8/2013	MDL
/RU000A0JRV94=MM	BB	3/13/2009	FDL
/RU000A0JUBD5=MM			
/RU000A0JRA65=MM			
/RU000A0JTV50=MM			
/RU000A0JTV92=MM			
/RU000A0JR8Q8=MM			
/RU000A0JRKQ4=MM			
/RU000A0JTG83=MM	B	11/21/2012	SPI
/RU000A0JTG83=MM	B	9/7/2012	FDL
/RU000A0JQC31=MM			
/RU000A0JS777=MM			
/RU000A0JRWB1=MM			
/RU000A0JREP9=MM	B3	10/4/2013	MDL
/RU000A0JT1E7=MM	B3	10/4/2013	MDL
/RU000A0JS4V6=MM	B+	8/9/2006	SPI
/RU000A0JS4V6=MM	B1	11/6/2013	MDL
/RU000A0JSTP5=MM	B+	8/9/2006	SPI
/RU000A0JSTP5=MM	B1	11/6/2013	MDL
/RU000A0JSTQ3=MM	B+	8/9/2006	SPI
/RU000A0JSTQ3=MM	B1	11/6/2013	MDL
/RU000A0JQM39=MM	B+	8/9/2006	SPI
/RU000A0JQM39=MM	B1	11/6/2013	MDL
/RU000A0JU872=MM	B+	8/9/2006	SPI
/RU000A0JU872=MM	B1	11/6/2013	MDL
/RU000A0JRTQ5=MM			
/RU000A0JRD47=MM	BBB	9/26/2012	FIS
/RU000A0JRD47=MM	BBB	12/13/2013	FDL
/RU000A0JT8N3=MM	BBB	9/26/2012	FIS
/RU000A0JT8N3=MM	BBB	12/13/2013	FDL
/RU000A0JT8R4=MM	BBB	9/26/2012	FIS
/RU000A0JT8R4=MM	BBB	12/13/2013	FDL
/RU000A0JT8T0=MM	BBB	9/26/2012	FIS
/RU000A0JT8T0=MM	BBB	12/13/2013	FDL
/RU000A0JR9Z7=MM			
/RU000A0JTER1=MM			
/RU000A0JU179=MM			
/RU000A0JS1J7=MM			
/RU000A0JSWU9=MM	B3	10/30/2013	MDL
/RU000A0JSWU9=MM	WD	3/1/2007	FIS
/RU000A0JSWU9=MM	B-	8/21/2000	FDL
/RU000A0JU3S0=MM			
/RU000A0JU3R2=MM			
/RU000A0JQY92=MM			
/RU000A0JS1G3=MM			
/RU000A0JQMJ7=MM			
/RU000A0JS413=MM	BB	7/22/2013	SPI
/RU000A0JS413=MM	Ba3	9/24/2013	MDL
/RU000A0JS413=MM	WD	10/4/2006	FIS
/RU000A0JS413=MM	BB-	12/20/2010	FDL
/RU000A0JS421=MM	BB	7/22/2013	SPI
/RU000A0JS421=MM	Ba3	9/24/2013	MDL
/RU000A0JS421=MM	WD	10/4/2006	FIS
/RU000A0JS421=MM	BB-	12/20/2010	FDL
/RU000A0JSXW3=MM	BB	7/22/2013	SPI
/RU000A0JSXW3=MM	Ba3	9/24/2013	MDL
/RU000A0JSXW3=MM	WD	10/4/2006	FIS
/RU000A0JSXW3=MM	BB-	12/20/2010	FDL
/RU000A0JSQP1=MM	BB	7/22/2013	SPI
/RU000A0JSQP1=MM	Ba3	9/24/2013	MDL
/RU000A0JSQP1=MM	WD	10/4/2006	FIS
/RU000A0JSQP1=MM	BB-	12/20/2010	FDL
/RU000A0JUEH0=MM			
/RU000A0JUD67=MM			
/RU000A0JQPD3=MM			
/RU000A0JRFS0=MM			
/RU000A0JQVB5=MM			
/RU000A0JQVG4=MM			
/RU000A0JQVC3=MM			
/RU000A0JQVD1=MM			
/RU000A0JQVE9=MM			
/RU000A0JQVF6=MM			
/RU000A0JSWJ2=MM			
/RU000A0JT1B3=MM			
/RU000A0JTTV1=MM			
/RU000A0JTN84=MM			
/RU000A0JU6M6=MM			
/RU000A0JTPE5=MM	B-	12/3/2013	SPI
/RU000A0JUDW1=MM			
/RU000A0JU9X7=MM	B3	11/28/2006	MDL
/RU000A0JR6F5=MM			
/RU000A0JRJR4=MM			
/RU000A0JQH69=MM	NR	3/26/2012	SPI
/RU000A0JQH69=MM	Baa3	11/27/2013	MDL
/RU000A0JQH69=MM	WD	5/29/2006	FIS
/RU000A0JQH69=MM	BBB+	2/4/2009	FDL
/RU000A0JTTF4=MM	NR	3/26/2012	SPI
/RU000A0JTTF4=MM	Baa3	11/27/2013	MDL
/RU000A0JTTF4=MM	WD	5/29/2006	FIS
/RU000A0JTTF4=MM	BBB+	2/4/2009	FDL
/RU000A0JRW85=MM	NR	3/26/2012	SPI
/RU000A0JRW85=MM	Baa3	11/27/2013	MDL
/RU000A0JRW85=MM	WD	5/29/2006	FIS
/RU000A0JRW85=MM	BBB+	2/4/2009	FDL
/RU000A0JSYR1=MM	NR	3/26/2012	SPI
/RU000A0JSYR1=MM	Baa3	11/27/2013	MDL
/RU000A0JSYR1=MM	WD	5/29/2006	FIS
/RU000A0JSYR1=MM	BBB+	2/4/2009	FDL
/RU000A0JRW93=MM	NR	3/26/2012	SPI
/RU000A0JRW93=MM	Baa3	11/27/2013	MDL
/RU000A0JRW93=MM	WD	5/29/2006	FIS
/RU000A0JRW93=MM	BBB+	2/4/2009	FDL
/RU000A0JTQ32=MM	NR	3/26/2012	SPI
/RU000A0JTQ32=MM	Baa3	11/27/2013	MDL
/RU000A0JTQ32=MM	WD	5/29/2006	FIS
/RU000A0JTQ32=MM	BBB+	2/4/2009	FDL
/RU000A0JUCM4=MM	NR	3/26/2012	SPI
/RU000A0JUCM4=MM	Baa3	11/27/2013	MDL
/RU000A0JUCM4=MM	WD	5/29/2006	FIS
/RU000A0JUCM4=MM	BBB+	2/4/2009	FDL
/RU000A0JRJN3=MM	BB+	6/2/2009	SPI
/RU000A0JRJP8=MM	BB+	6/2/2009	SPI
/RU000A0JRJQ6=MM	BB+	6/2/2009	SPI
/RU000A0JS6S7=MM	BB+	6/2/2009	SPI
/RU000A0JS6T5=MM	BB+	6/2/2009	SPI
/RU000A0JRK63=MM	B-	4/13/2012	SPI
/RU000A0JT5L3=MM	B-	4/13/2012	SPI
/RU000A0JUAG0=MM	B-	4/13/2012	SPI
/RU000A0JQS09=MM	Baa3	7/5/2013	MDL
/RU000A0JQS09=MM	WD	7/27/2006	FIS
/RU000A0JQS09=MM	BBB-	8/14/2013	FDL
/RU000A0JQS74=MM	Baa3	7/5/2013	MDL
/RU000A0JQS74=MM	WD	7/27/2006	FIS
/RU000A0JQS74=MM	BBB-	8/14/2013	FDL
/RU000A0JRMB2=MM	Baa3	7/5/2013	MDL
/RU000A0JRMB2=MM	WD	7/27/2006	FIS
/RU000A0JRMB2=MM	BBB-	8/14/2013	FDL
/RU000A0JRMC0=MM	Baa3	7/5/2013	MDL
/RU000A0JRMC0=MM	WD	7/27/2006	FIS
/RU000A0JRMC0=MM	BBB-	8/14/2013	FDL
/RU000A0JRLE8=MM	Baa3	7/5/2013	MDL
/RU000A0JRLE8=MM	WD	7/27/2006	FIS
/RU000A0JRLE8=MM	BBB-	8/14/2013	FDL
/RU000A0JRVN8=MM	Baa3	7/5/2013	MDL
/RU000A0JRVN8=MM	WD	7/27/2006	FIS
/RU000A0JRVN8=MM	BBB-	8/14/2013	FDL
/RU000A0JS6N8=MM	Baa3	7/5/2013	MDL
/RU000A0JS6N8=MM	WD	7/27/2006	FIS
/RU000A0JS6N8=MM	BBB-	8/14/2013	FDL
/RU000A0JT7M7=MM	Baa3	7/5/2013	MDL
/RU000A0JT7M7=MM	WD	7/27/2006	FIS
/RU000A0JT7M7=MM	BBB-	8/14/2013	FDL
/RU000A0JT874=MM	Baa3	7/5/2013	MDL
/RU000A0JT874=MM	WD	7/27/2006	FIS
/RU000A0JT874=MM	BBB-	8/14/2013	FDL
/RU000A0JTVJ2=MM	Baa3	7/5/2013	MDL
/RU000A0JTVJ2=MM	WD	7/27/2006	FIS
/RU000A0JTVJ2=MM	BBB-	8/14/2013	FDL
/RU000A0JU1Q8=MM	Baa3	7/5/2013	MDL
/RU000A0JU1Q8=MM	WD	7/27/2006	FIS
/RU000A0JU1Q8=MM	BBB-	8/14/2013	FDL
/RU000A0JU6A1=MM	Baa3	7/5/2013	MDL
/RU000A0JU6A1=MM	WD	7/27/2006	FIS
/RU000A0JU6A1=MM	BBB-	8/14/2013	FDL
/RU000A0JUAD7=MM	Baa3	7/5/2013	MDL
/RU000A0JUAD7=MM	WD	7/27/2006	FIS
/RU000A0JUAD7=MM	BBB-	8/14/2013	FDL
/RU000A0JP2G4=MM	Baa3	7/5/2013	MDL
/RU000A0JP2G4=MM	WD	7/27/2006	FIS
/RU000A0JP2G4=MM	BBB-	8/14/2013	FDL
/RU000A0JPF47=MM	Baa3	7/5/2013	MDL
/RU000A0JPF47=MM	WD	7/27/2006	FIS
/RU000A0JPF47=MM	BBB-	8/14/2013	FDL
/RU000A0JQ1H3=MM	Baa3	7/5/2013	MDL
/RU000A0JQ1H3=MM	WD	7/27/2006	FIS
/RU000A0JQ1H3=MM	BBB-	8/14/2013	FDL
/RU000A0JPMT8=MM	Baa3	7/5/2013	MDL
/RU000A0JPMT8=MM	WD	7/27/2006	FIS
/RU000A0JPMT8=MM	BBB-	8/14/2013	FDL
/RU000A0JPTE5=MM	Baa3	7/5/2013	MDL
/RU000A0JPTE5=MM	WD	7/27/2006	FIS
/RU000A0JPTE5=MM	BBB-	8/14/2013	FDL
/RU000A0JQK64=MM	Baa3	7/5/2013	MDL
/RU000A0JQK64=MM	WD	7/27/2006	FIS
/RU000A0JQK64=MM	BBB-	8/14/2013	FDL
/RU000A0JQK72=MM	Baa3	7/5/2013	MDL
/RU000A0JQK72=MM	WD	7/27/2006	FIS
/RU000A0JQK72=MM	BBB-	8/14/2013	FDL
/RU000A0JS371=MM	Baa3	7/5/2013	MDL
/RU000A0JS371=MM	WD	7/27/2006	FIS
/RU000A0JS371=MM	BBB-	8/14/2013	FDL
/RU000A0JS3D6=MM	Baa3	7/5/2013	MDL
/RU000A0JS3D6=MM	WD	7/27/2006	FIS
/RU000A0JS3D6=MM	BBB-	8/14/2013	FDL
/RU000A0JSJZ5=MM			
/RU000A0JS2T4=MM			
/RU000A0JSXA9=MM			
/RU000A0JTUG0=MM			
/RU000A0JR9K9=MM			
/RU000A0JRF11=MM			
/RU000A0JU245=MM	B3	2/6/2014	MDL
/RU000A0JR498=MM			
/RU000A0JU8A7=MM			
/RU000A0JQ4F1=MM	BBB	12/9/2008	SPI
/RU000A0JQ4F1=MM	Baa1	2/6/2014	MIS
/RU000A0JQ4F1=MM	Baa1	2/6/2014	MDL
/RU000A0JQ4F1=MM	WD	7/25/2006	FIS
/RU000A0JQ4F1=MM	BBB	2/4/2009	FDL
/RU000A0JQ177=MM	BBB	12/9/2008	SPI
/RU000A0JQ177=MM	Baa1	2/6/2014	MIS
/RU000A0JQ177=MM	Baa1	2/6/2014	MDL
/RU000A0JQ177=MM	WD	7/25/2006	FIS
/RU000A0JQ177=MM	BBB	2/4/2009	FDL
/RU000A0JQ5Q5=MM	BBB	12/9/2008	SPI
/RU000A0JQ5Q5=MM	Baa1	2/6/2014	MIS
/RU000A0JQ5Q5=MM	Baa1	2/6/2014	MDL
/RU000A0JQ5Q5=MM	WD	7/25/2006	FIS
/RU000A0JQ5Q5=MM	BBB	2/4/2009	FDL
/RU000A0JQ4G9=MM	BBB	12/9/2008	SPI
/RU000A0JQ4G9=MM	Baa1	2/6/2014	MIS
/RU000A0JQ4G9=MM	Baa1	2/6/2014	MDL
/RU000A0JQ4G9=MM	WD	7/25/2006	FIS
/RU000A0JQ4G9=MM	BBB	2/4/2009	FDL
/RU000A0JQ4U0=MM	BBB	12/9/2008	SPI
/RU000A0JQ4U0=MM	Baa1	2/6/2014	MIS
/RU000A0JQ4U0=MM	Baa1	2/6/2014	MDL
/RU000A0JQ4U0=MM	WD	7/25/2006	FIS
/RU000A0JQ4U0=MM	BBB	2/4/2009	FDL
/RU000A0JQ6S9=MM	BBB	12/9/2008	SPI
/RU000A0JQ6S9=MM	Baa1	2/6/2014	MIS
/RU000A0JQ6S9=MM	Baa1	2/6/2014	MDL
/RU000A0JQ6S9=MM	WD	7/25/2006	FIS
/RU000A0JQ6S9=MM	BBB	2/4/2009	FDL
/RU000A0JQ656=MM	BBB	12/9/2008	SPI
/RU000A0JQ656=MM	Baa1	2/6/2014	MIS
/RU000A0JQ656=MM	Baa1	2/6/2014	MDL
/RU000A0JQ656=MM	WD	7/25/2006	FIS
/RU000A0JQ656=MM	BBB	2/4/2009	FDL
/RU000A0JQ7W9=MM	BBB	12/9/2008	SPI
/RU000A0JQ7W9=MM	Baa1	2/6/2014	MIS
/RU000A0JQ7W9=MM	Baa1	2/6/2014	MDL
/RU000A0JQ7W9=MM	WD	7/25/2006	FIS
/RU000A0JQ7W9=MM	BBB	2/4/2009	FDL
/RU000A0JQ7X7=MM	BBB	12/9/2008	SPI
/RU000A0JQ7X7=MM	Baa1	2/6/2014	MIS
/RU000A0JQ7X7=MM	Baa1	2/6/2014	MDL
/RU000A0JQ7X7=MM	WD	7/25/2006	FIS
/RU000A0JQ7X7=MM	BBB	2/4/2009	FDL
/RU000A0JQ7Z2=MM	BBB	12/9/2008	SPI
/RU000A0JQ7Z2=MM	Baa1	2/6/2014	MIS
/RU000A0JQ7Z2=MM	Baa1	2/6/2014	MDL
/RU000A0JQ7Z2=MM	WD	7/25/2006	FIS
/RU000A0JQ7Z2=MM	BBB	2/4/2009	FDL
/RU000A0JQRD9=MM	BBB	12/9/2008	SPI
/RU000A0JQRD9=MM	Baa1	2/6/2014	MIS
/RU000A0JQRD9=MM	Baa1	2/6/2014	MDL
/RU000A0JQRD9=MM	WD	7/25/2006	FIS
/RU000A0JQRD9=MM	BBB	2/4/2009	FDL
/RU000A0JTU85=MM	BBB	12/9/2008	SPI
/RU000A0JTU85=MM	Baa1	2/6/2014	MIS
/RU000A0JTU85=MM	Baa1	2/6/2014	MDL
/RU000A0JTU85=MM	WD	7/25/2006	FIS
/RU000A0JTU85=MM	BBB	2/4/2009	FDL
/RU000A0JUAH8=MM	BBB	12/9/2008	SPI
/RU000A0JUAH8=MM	Baa1	2/6/2014	MIS
/RU000A0JUAH8=MM	Baa1	2/6/2014	MDL
/RU000A0JUAH8=MM	WD	7/25/2006	FIS
/RU000A0JUAH8=MM	BBB	2/4/2009	FDL
/RU000A0JSGV0=MM	BBB	12/9/2008	SPI
/RU000A0JSGV0=MM	Baa1	2/6/2014	MIS
/RU000A0JSGV0=MM	Baa1	2/6/2014	MDL
/RU000A0JSGV0=MM	WD	7/25/2006	FIS
/RU000A0JSGV0=MM	BBB	2/4/2009	FDL
/RU000A0JUCG6=MM	BBB	12/9/2008	SPI
/RU000A0JUCG6=MM	Baa1	2/6/2014	MIS
/RU000A0JUCG6=MM	Baa1	2/6/2014	MDL
/RU000A0JUCG6=MM	WD	7/25/2006	FIS
/RU000A0JUCG6=MM	BBB	2/4/2009	FDL
/RU000A0JU542=MM	BBB	12/9/2008	SPI
/RU000A0JU542=MM	Baa1	2/6/2014	MIS
/RU000A0JU542=MM	Baa1	2/6/2014	MDL
/RU000A0JU542=MM	WD	7/25/2006	FIS
/RU000A0JU542=MM	BBB	2/4/2009	FDL
/RU000A0JU7B7=MM	BBB	12/9/2008	SPI
/RU000A0JU7B7=MM	Baa1	2/6/2014	MIS
/RU000A0JU7B7=MM	Baa1	2/6/2014	MDL
/RU000A0JU7B7=MM	WD	7/25/2006	FIS
/RU000A0JU7B7=MM	BBB	2/4/2009	FDL
/RU000A0JU9M0=MM	BBB	12/9/2008	SPI
/RU000A0JU9M0=MM	Baa1	2/6/2014	MIS
/RU000A0JU9M0=MM	Baa1	2/6/2014	MDL
/RU000A0JU9M0=MM	WD	7/25/2006	FIS
/RU000A0JU9M0=MM	BBB	2/4/2009	FDL
/RU000A0JTY57=MM	BBB	12/9/2008	SPI
/RU000A0JTY57=MM	Baa1	2/6/2014	MIS
/RU000A0JTY57=MM	Baa1	2/6/2014	MDL
/RU000A0JTY57=MM	WD	7/25/2006	FIS
/RU000A0JTY57=MM	BBB	2/4/2009	FDL
/RU000A0JTZM7=MM	BBB	12/9/2008	SPI
/RU000A0JTZM7=MM	Baa1	2/6/2014	MIS
/RU000A0JTZM7=MM	Baa1	2/6/2014	MDL
/RU000A0JTZM7=MM	WD	7/25/2006	FIS
/RU000A0JTZM7=MM	BBB	2/4/2009	FDL
/RU000A0JU8T7=MM	BBB	6/24/2010	SPI
/RU000A0JU8T7=MM	Baa3	4/1/2009	MDL
/RU000A0JU8T7=MM	BBB+	2/4/2009	FDL
/RU000A0JU708=MM			
/RU000A0JRK14=MM			
/RU000A0JQWD9=MM			
/RU000A0JRUR1=MM			
/RU000A0JU1P0=MM	B+	6/11/2013	SPI
/RU000A0JU1P0=MM	B2	10/9/2013	MDL
/RU000A0JU1P0=MM	WD	10/30/2013	FDL
/RU000A0JSJW2=MM	B+	6/11/2013	SPI
/RU000A0JSJW2=MM	B2	10/9/2013	MDL
/RU000A0JSJW2=MM	WD	10/30/2013	FDL
/RU000A0JRNW6=MM	B+	6/11/2013	SPI
/RU000A0JRNW6=MM	B2	10/9/2013	MDL
/RU000A0JRNW6=MM	WD	10/30/2013	FDL
/RU000A0JR548=MM			
/RU000A0JQP28=MM			
/RU000A0JU526=MM	B+	8/13/2012	FDL
/RU000A0JT825=MM	B+	8/13/2012	FDL
/RU000A0JTJG3=MM	NR	3/26/2012	SPI
/RU000A0JTJG3=MM	Baa3	11/27/2013	MDL
/RU000A0JTJG3=MM	WD	5/29/2006	FIS
/RU000A0JTJG3=MM	BBB+	2/4/2009	FDL
/RU000A0JTKE6=MM	NR	3/26/2012	SPI
/RU000A0JTKE6=MM	Baa3	11/27/2013	MDL
/RU000A0JTKE6=MM	WD	5/29/2006	FIS
/RU000A0JTKE6=MM	BBB+	2/4/2009	FDL
/RU000A0JU0E6=MM	NR	3/26/2012	SPI
/RU000A0JU0E6=MM	Baa3	11/27/2013	MDL
/RU000A0JU0E6=MM	WD	5/29/2006	FIS
/RU000A0JU0E6=MM	BBB+	2/4/2009	FDL
/RU000A0JUGH5=MM	NR	3/26/2012	SPI
/RU000A0JUGH5=MM	Baa3	11/27/2013	MDL
/RU000A0JUGH5=MM	WD	5/29/2006	FIS
/RU000A0JUGH5=MM	BBB+	2/4/2009	FDL
/RU000A0JR472=MM			
/RU000A0JQAK0=MM	B2	7/9/2013	MDL
/RU000A0JQX36=MM	B2	7/9/2013	MDL
/RU000A0JTYN8=MM	BBB	4/16/2013	SPI
/RU000A0JTYN8=MM	WD	12/28/2006	FIS
/RU000A0JTYN8=MM	WD	2/24/2014	FDL
/RU000A0JT940=MM	BBB	4/16/2013	SPI
/RU000A0JT940=MM	WD	12/28/2006	FIS
/RU000A0JT940=MM	WD	2/24/2014	FDL
/RU000A0JT965=MM	BBB	4/16/2013	SPI
/RU000A0JT965=MM	WD	12/28/2006	FIS
/RU000A0JT965=MM	WD	2/24/2014	FDL
/RU000A0JTYL2=MM	BBB	4/16/2013	SPI
/RU000A0JTYL2=MM	WD	12/28/2006	FIS
/RU000A0JTYL2=MM	WD	2/24/2014	FDL
/RU000A0JTS06=MM	BBB	4/16/2013	SPI
/RU000A0JTS06=MM	WD	12/28/2006	FIS
/RU000A0JTS06=MM	WD	2/24/2014	FDL
/RU000A0JTS22=MM	BBB	4/16/2013	SPI
/RU000A0JTS22=MM	WD	12/28/2006	FIS
/RU000A0JTS22=MM	WD	2/24/2014	FDL
/RU000A0JTYM0=MM	BBB	4/16/2013	SPI
/RU000A0JTYM0=MM	WD	12/28/2006	FIS
/RU000A0JTYM0=MM	WD	2/24/2014	FDL
/RU000A0JUFU0=MM	BBB	4/16/2013	SPI
/RU000A0JUFU0=MM	WD	12/28/2006	FIS
/RU000A0JUFU0=MM	WD	2/24/2014	FDL
/RU000A0JUCS1=MM	BBB	4/16/2013	SPI
/RU000A0JUCS1=MM	WD	12/28/2006	FIS
/RU000A0JUCS1=MM	WD	2/24/2014	FDL
/RU000A0JUCR3=MM	BBB	4/16/2013	SPI
/RU000A0JUCR3=MM	WD	12/28/2006	FIS
/RU000A0JUCR3=MM	WD	2/24/2014	FDL
/RU000A0JUFV8=MM	BBB	4/16/2013	SPI
/RU000A0JUFV8=MM	WD	12/28/2006	FIS
/RU000A0JUFV8=MM	WD	2/24/2014	FDL
/RU000A0JTR15=MM	BB+	5/13/2011	SPI
/RU000A0JTR15=MM	BBB-	5/28/2012	FDL
/RU000A0JTKD8=MM	BB+	5/13/2011	SPI
/RU000A0JTKD8=MM	BBB-	5/28/2012	FDL
/RU000A0JTAQ1=MM	BB+	5/13/2011	SPI
/RU000A0JTAQ1=MM	BBB-	5/28/2012	FDL
/RU000A0JTKC0=MM	BB+	5/13/2011	SPI
/RU000A0JTKC0=MM	BBB-	5/28/2012	FDL
/RU000A0JTYT5=MM	BB+	5/13/2011	SPI
/RU000A0JTYT5=MM	BBB-	5/28/2012	FDL
/RU000A0JQ4E4=MM			
/RU000A0JRVZ2=MM	B+	11/19/2008	SPI
/RU000A0JRVZ2=MM	B2	10/4/2013	MDL
/RU000A0JRVZ2=MM	B+	11/9/2009	FDL
/RU000A0JS5P5=MM	B+	11/19/2008	SPI
/RU000A0JS5P5=MM	B2	10/4/2013	MDL
/RU000A0JS5P5=MM	B+	11/9/2009	FDL
/RU000A0JTPJ4=MM	B+	11/19/2008	SPI
/RU000A0JTPJ4=MM	B2	10/4/2013	MDL
/RU000A0JTPJ4=MM	B+	11/9/2009	FDL
/RU000A0JTPL0=MM	B+	11/19/2008	SPI
/RU000A0JTPL0=MM	B2	10/4/2013	MDL
/RU000A0JTPL0=MM	B+	11/9/2009	FDL
/RU000A0JS7N6=MM	B+	11/19/2008	SPI
/RU000A0JS7N6=MM	B2	10/4/2013	MDL
/RU000A0JS7N6=MM	B+	11/9/2009	FDL
/RU000A0JRFN1=MM	BB+	12/22/2009	SPI
/RU000A0JRFN1=MM	WR	6/18/2010	MIS
/RU000A0JRFN1=MM	Ba1	6/15/2010	MDL
/RU000A0JRFN1=MM	BB+	2/4/2009	FDL
/RU000A0JRFP6=MM	BB+	12/22/2009	SPI
/RU000A0JRFP6=MM	WR	6/18/2010	MIS
/RU000A0JRFP6=MM	Ba1	6/15/2010	MDL
/RU000A0JRFP6=MM	BB+	2/4/2009	FDL
/RU000A0JTMG7=MM	BB+	12/22/2009	SPI
/RU000A0JTMG7=MM	WR	6/18/2010	MIS
/RU000A0JTMG7=MM	Ba1	6/15/2010	MDL
/RU000A0JTMG7=MM	BB+	2/4/2009	FDL
/RU000A0JTMK9=MM	BB+	12/22/2009	SPI
/RU000A0JTMK9=MM	WR	6/18/2010	MIS
/RU000A0JTMK9=MM	Ba1	6/15/2010	MDL
/RU000A0JTMK9=MM	BB+	2/4/2009	FDL
/RU000A0JR4G8=MM	BBB-	2/14/2014	SPI
/RU000A0JR4G8=MM	Ba1	6/25/2012	MDL
/RU000A0JR4G8=MM	BBB+	7/20/2012	FDL
/RU000A0JR4K0=MM	BBB-	2/14/2014	SPI
/RU000A0JR4K0=MM	Ba1	6/25/2012	MDL
/RU000A0JR4K0=MM	BBB+	7/20/2012	FDL
/RU000A0JR1G4=MM	BBB-	2/14/2014	SPI
/RU000A0JR1G4=MM	Ba1	6/25/2012	MDL
/RU000A0JR1G4=MM	BBB+	7/20/2012	FDL
/RU000A0JR1H2=MM	BBB-	2/14/2014	SPI
/RU000A0JR1H2=MM	Ba1	6/25/2012	MDL
/RU000A0JR1H2=MM	BBB+	7/20/2012	FDL
/RU000A0JRL70=MM	BBB-	2/14/2014	SPI
/RU000A0JRL70=MM	Ba1	6/25/2012	MDL
/RU000A0JRL70=MM	BBB+	7/20/2012	FDL
/RU000A0JS4U8=MM	BBB-	2/14/2014	SPI
/RU000A0JS4U8=MM	Ba1	6/25/2012	MDL
/RU000A0JS4U8=MM	BBB+	7/20/2012	FDL
/RU000A0JTVN4=MM	BBB-	2/14/2014	SPI
/RU000A0JTVN4=MM	Ba1	6/25/2012	MDL
/RU000A0JTVN4=MM	BBB+	7/20/2012	FDL
/RU000A0JTA89=MM	BBB-	2/14/2014	SPI
/RU000A0JTA89=MM	Ba1	6/25/2012	MDL
/RU000A0JTA89=MM	BBB+	7/20/2012	FDL
/RU000A0JU6U9=MM	BBB-	2/14/2014	SPI
/RU000A0JU6U9=MM	Ba1	6/25/2012	MDL
/RU000A0JU6U9=MM	BBB+	7/20/2012	FDL
/RU000A0JU195=MM	BBB-	2/14/2014	SPI
/RU000A0JU195=MM	Ba1	6/25/2012	MDL
/RU000A0JU195=MM	BBB+	7/20/2012	FDL
/RU000A0JS9W3=MM			
/RU000A0JTQ16=MM	B+	5/28/2013	FDL
/RU000A0JQFU8=MM	B+	11/24/2011	SPI
/RU000A0JQFZ7=MM	B+	11/24/2011	SPI
/RU000A0JREL8=MM	B2	10/9/2013	MDL
/RU000A0JREL8=MM	B	7/9/2010	FDL
/RU000A0JRM04=MM	B2	10/9/2013	MDL
/RU000A0JRM04=MM	B	7/9/2010	FDL
/RU000A0JU583=MM	Ba3	10/1/2013	MDL
/RU000A0JU583=MM	BB-	10/3/2013	FDL
/RU000A0JS8M6=MM			
/RU000A0JTZ49=MM	B	12/15/2011	SPI
/RU000A0JTZ49=MM	B2	11/13/2013	MDL
/RU000A0JU278=MM			
/RU000A0JTHF9=MM			
/RU000A0JU7N2=MM	B	12/15/2011	SPI
/RU000A0JRKC4=MM			
/RU000A0JRKD2=MM			
/RU000A0JRKM3=MM			
/RU000A0JS3M7=MM			
/RU000A0JS3L9=MM			
/RU000A0JRVU3=MM			
/RU000A0JS7D7=MM			
/RU000A0JTNX0=MM			
/RU000A0JTNY8=MM			
/RU000A0JTNZ5=MM			
/RU000A0JQXR7=MM			
/RU000A0JU336=MM			
/RU000A0JRU20=MM			
/RU000A0JRU46=MM			
/RU000A0JP9N5=MM			
/RU000A0JPP60=MM	Ba1	9/10/2012	MDL
/RU000A0JPP60=MM	BB+	8/17/2012	FDL
/RU000A0JU716=MM	Ba1	7/25/2013	MDL
/RU000A0JQA82=MM	B	9/13/2010	FDL
/RU000A0JS8U9=MM	B	9/13/2010	FDL
/RU000A0JTMW4=MM			
/RU000A0JRG44=MM			
/RU000A0JQWE7=MM			
/RU000A0JRN11=MM			
/RU000A0JRN29=MM			
/RU000A0JR9J1=MM	B	12/30/2013	SPI
/RU000A0JR9J1=MM	B3	1/27/2014	MDL
/RU000A0JU7G6=MM	B	12/30/2013	SPI
/RU000A0JU7G6=MM	B3	1/27/2014	MDL
/RU000A0JRFF7=MM			
/RU000A0JRFH3=MM			
/RU000A0JTW75=MM	BB	12/9/2011	SPI
/RU000A0JTW75=MM	BB	10/28/2010	FDL
/RU000A0JS1F5=MM	BB	12/9/2011	SPI
/RU000A0JS1F5=MM	BB	10/28/2010	FDL
/RU000A0JS793=MM	BB	12/9/2011	SPI
/RU000A0JS793=MM	BB	10/28/2010	FDL
/RU000A0JS710=MM	BB	12/9/2011	SPI
/RU000A0JS710=MM	BB	10/28/2010	FDL
/RU000A0JT9Y8=MM	BB	12/9/2011	SPI
/RU000A0JT9Y8=MM	BB	10/28/2010	FDL
/RU000A0JSQK2=MM			
/RU000A0JTYW9=MM			
/RU000A0JRK48=MM			
/RU000A0JU732=MM	B3	6/14/2012	MDL
/RU000A0JU7L6=MM	WD	12/14/2012	FDL
/RU000A0JP435=MM			
/RU000A0JQ722=MM			
/RU000A0JS1W0=MM			
/RU000A0JS470=MM			
/RU000A0JR2S7=MM			
/RU000A0JR0E1=MM			
/RU000A0JQZB6=MM			
/RU000A0JRKY8=MM			
/RU000A0JRKZ5=MM			
/RU000A0JRAH4=MM	B1	3/10/2006	MDL
/RU000A0JTFC0=MM	B1	3/10/2006	MDL
/RU000A0JTYQ1=MM	B1	3/10/2006	MDL
/RU000A0JUCY9=MM			
/RU000A0JU930=MM			
/RU000A0JU5G0=MM	B3	6/14/2012	MDL
/RU000A0JRF94=MM	B3	6/14/2012	MDL
/RU000A0JRY75=MM	B3	6/14/2012	MDL
/RU000A0JS3X4=MM	B3	6/14/2012	MDL
/RU000A0JS6D9=MM	B3	6/14/2012	MDL
/RU000A0JT5M1=MM	B3	6/14/2012	MDL
/RU000A0JTLE4=MM	B3	6/14/2012	MDL
/RU000A0JQGU6=MM			
/RU000A0JU5M8=MM			
/RU000A0JR2E7=MM			
/RU000A0JTXT7=MM	B2	10/30/2013	MDL
/RU000A0JTXT7=MM	B+	3/21/2013	FDL
/RU000A0JS728=MM	B2	10/30/2013	MDL
/RU000A0JS728=MM	B+	3/21/2013	FDL
/RU000A0JR5B6=MM	B2	10/30/2013	MDL
/RU000A0JR5B6=MM	B+	3/21/2013	FDL
/RU000A0JQ4X4=MM			
/RU000A0JQM47=MM			
/RU000A0JQM54=MM			
/RU000A0JQMA6=MM			
/RU000A0JQMC2=MM			
/RU000A0JQM96=MM			
/RU000A0JQME8=MM			
/RU000A0JQM88=MM			
/RU000A0JQMD0=MM			
/RU000A0JRJ17=MM			
/RU000A0JRJ25=MM			
/RU000A0JRJ33=MM			
/RU000A0JRQG2=MM			
/RU000A0JRWG0=MM			
/RU000A0JRXR5=MM			
/RU000A0JU0P2=MM			
/RU000A0JU0Q0=MM			
/RU000A0JU0R8=MM			
/RU000A0JU8Z4=MM			
/RU000A0JU9E7=MM			
/RU000A0JU9F4=MM			
/RU000A0JSPY5=MM			
/RU000A0JR7U2=MM			
/RU000A0JR803=MM			
/RU000A0JR837=MM			
/RU000A0JT130=MM			
/RU000A0JT122=MM			
/RU000A0JT981=MM			
/RU000A0JRQR9=MM			
/RU000A0JRQS7=MM			
/RU000A0JSVP1=MM			
/RU000A0JTDJ0=MM			
/RU000A0JUGC6=MM			
/RU000A0JS4W4=MM			
/RU000A0JQLH3=MM			
/RU000A0JQWJ6=MM	Ba3	10/3/2013	MDL
/RU000A0JQWJ6=MM	BB+	2/5/2009	FDL
/RU000A0JTKJ5=MM	Ba3	10/3/2013	MDL
/RU000A0JTKJ5=MM	BB+	2/5/2009	FDL
/RU000A0JQ5G6=MM	BBB	12/8/2008	SPI
/RU000A0JQ5G6=MM	Baa1	9/13/2013	MIS
/RU000A0JQ5G6=MM	Baa1	9/13/2013	MDL
/RU000A0JQDV1=MM	BBB	12/8/2008	SPI
/RU000A0JQDV1=MM	Baa1	9/13/2013	MIS
/RU000A0JQDV1=MM	Baa1	9/13/2013	MDL
/RU000A0JQCR1=MM	BBB	12/8/2008	SPI
/RU000A0JQCR1=MM	Baa1	9/13/2013	MIS
/RU000A0JQCR1=MM	Baa1	9/13/2013	MDL
/RU000A0JTGS4=MM	BBB	12/8/2008	SPI
/RU000A0JTGS4=MM	Baa1	9/13/2013	MIS
/RU000A0JTGS4=MM	Baa1	9/13/2013	MDL
/RU000A0JTGT2=MM	BBB	12/8/2008	SPI
/RU000A0JTGT2=MM	Baa1	9/13/2013	MIS
/RU000A0JTGT2=MM	Baa1	9/13/2013	MDL
/RU000A0JQNP2=MM			
/RU000A0JTSH2=MM	Ba3	11/13/2013	MDL
/RU000A0JQ6R1=MM	Ba3	11/13/2013	MDL
/RU000A0JRK89=MM	Ba3	11/13/2013	MDL
/RU000A0JS702=MM	Ba3	11/13/2013	MDL
/RU000A0JTSG4=MM	Ba3	11/13/2013	MDL
/RU000A0JRK97=MM	Ba3	11/13/2013	MDL
/RU000A0JRG10=MM	B	12/15/2011	SPI
/RU000A0JT2N6=MM	B	12/15/2011	SPI
/RU000A0JU5N6=MM	B	12/15/2011	SPI
/RU000A0JUCE1=MM	B+	7/23/2013	FDL
/RU000A0JTZ80=MM			
/RU000A0JTZA2=MM			
/RU000A0JTZB0=MM			
/RU000A0JRSK0=MM	BBB	8/2/2011	SPI
/RU000A0JRSK0=MM	WD	6/8/2006	FIS
/RU000A0JRSK0=MM	BBB	3/20/2013	FDL
/RU000A0JS0E0=MM	BBB	8/2/2011	SPI
/RU000A0JS0E0=MM	WD	6/8/2006	FIS
/RU000A0JS0E0=MM	BBB	3/20/2013	FDL
/RU000A0JS4H5=MM	BBB	8/2/2011	SPI
/RU000A0JS4H5=MM	WD	6/8/2006	FIS
/RU000A0JS4H5=MM	BBB	3/20/2013	FDL
/RU000A0JS4X2=MM	BBB	8/2/2011	SPI
/RU000A0JS4X2=MM	WD	6/8/2006	FIS
/RU000A0JS4X2=MM	BBB	3/20/2013	FDL
/RU000A0JT8V6=MM	BBB	8/2/2011	SPI
/RU000A0JT8V6=MM	WD	6/8/2006	FIS
/RU000A0JT8V6=MM	BBB	3/20/2013	FDL
/RU000A0JT9F7=MM	BBB	8/2/2011	SPI
/RU000A0JT9F7=MM	WD	6/8/2006	FIS
/RU000A0JT9F7=MM	BBB	3/20/2013	FDL
/RU000A0JTMN3=MM	BBB	8/2/2011	SPI
/RU000A0JTMN3=MM	WD	6/8/2006	FIS
/RU000A0JTMN3=MM	BBB	3/20/2013	FDL
/RU000A0JTMP8=MM	BBB	8/2/2011	SPI
/RU000A0JTMP8=MM	WD	6/8/2006	FIS
/RU000A0JTMP8=MM	BBB	3/20/2013	FDL
/RU000A0JTP33=MM	BBB	8/2/2011	SPI
/RU000A0JTP33=MM	WD	6/8/2006	FIS
/RU000A0JTP33=MM	BBB	3/20/2013	FDL
/RU000A0JTP58=MM	BBB	8/2/2011	SPI
/RU000A0JTP58=MM	WD	6/8/2006	FIS
/RU000A0JTP58=MM	BBB	3/20/2013	FDL
/RU000A0JR4F0=MM	BBB	8/2/2011	SPI
/RU000A0JR4F0=MM	WD	6/8/2006	FIS
/RU000A0JR4F0=MM	BBB	3/20/2013	FDL
/RU000A0JR0R3=MM	BBB	8/2/2011	SPI
/RU000A0JR0R3=MM	WD	6/8/2006	FIS
/RU000A0JR0R3=MM	BBB	3/20/2013	FDL
/RU000A0JUAJ4=MM	BBB	8/2/2011	SPI
/RU000A0JUAJ4=MM	WD	6/8/2006	FIS
/RU000A0JUAJ4=MM	BBB	3/20/2013	FDL
/RU000A0JS9X1=MM			
/RU000A0JU9K4=MM			
/RU000A0JUBH6=MM			
/RU000A0JTVT1=MM	B+	7/23/2013	FDL
/RU000A0JR9L7=MM	B+	7/23/2013	FDL
/RU000A0JTSP5=MM	B+	7/23/2013	FDL
/RU000A0JS2K3=MM	B+	7/23/2013	FDL
/RU000A0JRLL3=MM	B+	7/23/2013	FDL
/RU000A0JS3E4=MM	B+	7/23/2013	FDL
/RU000A0JS3N5=MM	B+	7/23/2013	FDL
/RU000A0JS7A3=MM	B+	7/23/2013	FDL
/RU000A0JS3Z9=MM	B+	7/23/2013	FDL
/RU000A0JS561=MM	B+	7/18/2013	SPI
/RU000A0JS561=MM	B2	7/16/2013	MDL
/RU000A0JS561=MM	WD	11/28/2006	FIS
/RU000A0JS561=MM	B+	7/23/2013	FDL
/RU000A0JSW84=MM	B+	7/18/2013	SPI
/RU000A0JSW84=MM	B2	7/16/2013	MDL
/RU000A0JSW84=MM	WD	11/28/2006	FIS
/RU000A0JSW84=MM	B+	7/23/2013	FDL
/RU000A0JTGH7=MM	B+	7/23/2013	FDL
/RU000A0JTGJ3=MM	B+	7/23/2013	FDL
/RU000A0JTVE3=MM	B	12/15/2011	SPI
/RU000A0JU0S6=MM			
/RU000A0JU0T4=MM			
/RU000A0JR647=MM			
/RU000A0JR9E2=MM			
/RU000A0JRTS1=MM	B+	11/28/2013	SPI
/RU000A0JRTS1=MM	Ba3	11/26/2013	MDL
/RU000A0JRTS1=MM	BB-	11/28/2013	FDL
/RU000A0JRTT9=MM	B+	11/28/2013	SPI
/RU000A0JRTT9=MM	Ba3	11/26/2013	MDL
/RU000A0JRTT9=MM	BB-	11/28/2013	FDL
/RU000A0JRN60=MM			
/RU000A0JTBM8=MM			
/RU000A0JS8P9=MM			
/RU000A0JRDB1=MM			
/RU000A0JRDC9=MM			
/RU000A0JS7B1=MM			
/RU000A0JS7C9=MM			
/RU000A0JS8N4=MM			
/RU000A0JTBH8=MM			
/RU000A0JRTN2=MM	BBB	12/8/2008	SPI
/RU000A0JRTN2=MM	Baa1	4/2/2013	MIS
/RU000A0JRTN2=MM	Baa1	4/2/2013	MDL
/RU000A0JRTN2=MM	WD	7/27/2006	FIS
/RU000A0JRTN2=MM	BBB	2/4/2009	FDL
/RU000A0JT403=MM	BBB	12/8/2008	SPI
/RU000A0JT403=MM	Baa1	4/2/2013	MIS
/RU000A0JT403=MM	Baa1	4/2/2013	MDL
/RU000A0JT403=MM	WD	7/27/2006	FIS
/RU000A0JT403=MM	BBB	2/4/2009	FDL
/RU000A0JS3Y2=MM	BBB	12/8/2008	SPI
/RU000A0JS3Y2=MM	Baa1	4/2/2013	MIS
/RU000A0JS3Y2=MM	Baa1	4/2/2013	MDL
/RU000A0JS3Y2=MM	WD	7/27/2006	FIS
/RU000A0JS3Y2=MM	BBB	2/4/2009	FDL
/RU000A0JT6B2=MM	BBB	12/8/2008	SPI
/RU000A0JT6B2=MM	Baa1	4/2/2013	MIS
/RU000A0JT6B2=MM	Baa1	4/2/2013	MDL
/RU000A0JT6B2=MM	WD	7/27/2006	FIS
/RU000A0JT6B2=MM	BBB	2/4/2009	FDL
/RU000A0JTMJ1=MM	B1	10/9/2013	MDL
/RU000A0JS4Z7=MM	BBB	12/8/2008	SPI
/RU000A0JS4Z7=MM	Baa1	4/2/2013	MIS
/RU000A0JS4Z7=MM	Baa1	4/2/2013	MDL
/RU000A0JS4Z7=MM	WD	7/27/2006	FIS
/RU000A0JS4Z7=MM	BBB	2/4/2009	FDL
/RU000A0JR3H8=MM	BBB	12/8/2008	SPI
/RU000A0JR3H8=MM	Baa1	4/2/2013	MIS
/RU000A0JR3H8=MM	Baa1	4/2/2013	MDL
/RU000A0JR3H8=MM	WD	7/27/2006	FIS
/RU000A0JR3H8=MM	BBB	2/4/2009	FDL
/RU000A0JR3G0=MM	BBB	12/8/2008	SPI
/RU000A0JR3G0=MM	Baa1	4/2/2013	MIS
/RU000A0JR3G0=MM	Baa1	4/2/2013	MDL
/RU000A0JR3G0=MM	WD	7/27/2006	FIS
/RU000A0JR3G0=MM	BBB	2/4/2009	FDL
/RU000A0JRCX7=MM	BBB	12/8/2008	SPI
/RU000A0JRCX7=MM	Baa1	4/2/2013	MIS
/RU000A0JRCX7=MM	Baa1	4/2/2013	MDL
/RU000A0JRCX7=MM	WD	7/27/2006	FIS
/RU000A0JRCX7=MM	BBB	2/4/2009	FDL
/RU000A0JU0X6=MM	BBB	12/8/2008	SPI
/RU000A0JU0X6=MM	Baa1	4/2/2013	MIS
/RU000A0JU0X6=MM	Baa1	4/2/2013	MDL
/RU000A0JU0X6=MM	WD	7/27/2006	FIS
/RU000A0JU0X6=MM	BBB	2/4/2009	FDL
/RU000A0JREW5=MM	BBB	5/5/2011	SPI
/RU000A0JREW5=MM	BBB	2/4/2009	FDL
/RU000A0JREX3=MM	BBB	5/5/2011	SPI
/RU000A0JREX3=MM	BBB	2/4/2009	FDL
/RU000A0JREZ8=MM	BBB	5/5/2011	SPI
/RU000A0JREZ8=MM	BBB	2/4/2009	FDL
/RU000A0JS389=MM	BBB	5/5/2011	SPI
/RU000A0JS389=MM	BBB	2/4/2009	FDL
/RU000A0JRUY7=MM	BBB	5/5/2011	SPI
/RU000A0JRUY7=MM	BBB	2/4/2009	FDL
/RU000A0JRV52=MM	BBB	5/5/2011	SPI
/RU000A0JRV52=MM	BBB	2/4/2009	FDL
/RU000A0JT7N5=MM	BBB	5/5/2011	SPI
/RU000A0JT7N5=MM	BBB	2/4/2009	FDL
/RU000A0JT7P0=MM	BBB	5/5/2011	SPI
/RU000A0JT7P0=MM	BBB	2/4/2009	FDL
/RU000A0JTYG2=MM	BBB	5/5/2011	SPI
/RU000A0JTYG2=MM	BBB	2/4/2009	FDL
/RU000A0JTYD9=MM	BBB	5/5/2011	SPI
/RU000A0JTYD9=MM	BBB	2/4/2009	FDL
/RU000A0JTYF4=MM	BBB	5/5/2011	SPI
/RU000A0JTYF4=MM	BBB	2/4/2009	FDL
/RU000A0JTQS3=MM	BBB	5/5/2011	SPI
/RU000A0JTQS3=MM	BBB	2/4/2009	FDL
/RU000A0JTQU9=MM	BBB	5/5/2011	SPI
/RU000A0JTQU9=MM	BBB	2/4/2009	FDL
/RU000A0JUEE7=MM	BBB	5/5/2011	SPI
/RU000A0JUEE7=MM	BBB	2/4/2009	FDL
/RU000A0JSAV3=MM	BBB	5/5/2011	SPI
/RU000A0JSAV3=MM	BBB	2/4/2009	FDL
/RU000A0JUFE4=MM	BBB	5/5/2011	SPI
/RU000A0JUFE4=MM	BBB	2/4/2009	FDL
/RU000A0JUFF1=MM	BBB	5/5/2011	SPI
/RU000A0JUFF1=MM	BBB	2/4/2009	FDL
/RU000A0JUFG9=MM	BBB	5/5/2011	SPI
/RU000A0JUFG9=MM	BBB	2/4/2009	FDL
/RU000A0JUFH7=MM	BBB	5/5/2011	SPI
/RU000A0JUFH7=MM	BBB	2/4/2009	FDL
/RU000A0JSAZ4=MM	BBB	5/5/2011	SPI
/RU000A0JSAZ4=MM	BBB	2/4/2009	FDL
/RU000A0JSB06=MM	BBB	5/5/2011	SPI
/RU000A0JSB06=MM	BBB	2/4/2009	FDL
/RU000A0JSB14=MM	BBB	5/5/2011	SPI
/RU000A0JSB14=MM	BBB	2/4/2009	FDL
/RU000A0JTYE7=MM	BBB	5/5/2011	SPI
/RU000A0JTYE7=MM	BBB	2/4/2009	FDL
/RU000A0JU9S7=MM	BBB	5/5/2011	SPI
/RU000A0JU9S7=MM	BBB	2/4/2009	FDL
/RU000A0JU9T5=MM	BBB	5/5/2011	SPI
/RU000A0JU9T5=MM	BBB	2/4/2009	FDL
/RU000A0JU146=MM	B1	10/9/2013	MDL
/RU000A0JQ7N8=MM			
/RU000A0JR357=MM			
/RU000A0JR381=MM			
/RU000A0JQ5N2=MM			
/RU000A0JTZR6=MM	B+	4/23/2013	SPI
/RU000A0JTZR6=MM	B2	4/20/2010	MDL
/RU000A0JQMG3=MM	NR	10/5/2010	SPI
/RU000A0JQMG3=MM	Baa2	7/5/2013	MDL
/RU000A0JQMG3=MM	WD	1/31/2014	FDL
/RU000A0JSZF3=MM	NR	10/5/2010	SPI
/RU000A0JSZF3=MM	Baa2	7/5/2013	MDL
/RU000A0JSZF3=MM	WD	1/31/2014	FDL
/RU000A0JSZG1=MM	NR	10/5/2010	SPI
/RU000A0JSZG1=MM	Baa2	7/5/2013	MDL
/RU000A0JSZG1=MM	WD	1/31/2014	FDL
/RU000A0JQUV5=MM	NR	10/5/2010	SPI
/RU000A0JQUV5=MM	Baa2	7/5/2013	MDL
/RU000A0JQUV5=MM	WD	1/31/2014	FDL
/RU000A0JRSW5=MM	NR	10/5/2010	SPI
/RU000A0JRSW5=MM	Baa2	7/5/2013	MDL
/RU000A0JRSW5=MM	WD	1/31/2014	FDL
/RU000A0JRSX3=MM	NR	10/5/2010	SPI
/RU000A0JRSX3=MM	Baa2	7/5/2013	MDL
/RU000A0JRSX3=MM	WD	1/31/2014	FDL
/RU000A0JUCH4=MM	NR	10/5/2010	SPI
/RU000A0JUCH4=MM	Baa2	7/5/2013	MDL
/RU000A0JUCH4=MM	WD	1/31/2014	FDL
/RU000A0JUCJ0=MM	NR	10/5/2010	SPI
/RU000A0JUCJ0=MM	Baa2	7/5/2013	MDL
/RU000A0JUCJ0=MM	WD	1/31/2014	FDL
/RU000A0JNGU3=MM	BBB	12/8/2008	SPI
/RU000A0JNGU3=MM	Baa2	7/5/2013	MDL
/RU000A0JNGU3=MM	WD	7/27/2006	FIS
/RU000A0JNGU3=MM	WD	1/31/2014	FDL
/RU000A0JT3C7=MM	BBB	12/8/2008	SPI
/RU000A0JT3C7=MM	Baa2	7/5/2013	MDL
/RU000A0JT3C7=MM	WD	7/27/2006	FIS
/RU000A0JT3C7=MM	WD	1/31/2014	FDL
/RU000A0JT3E3=MM	BBB	12/8/2008	SPI
/RU000A0JT3E3=MM	Baa2	7/5/2013	MDL
/RU000A0JT3E3=MM	WD	7/27/2006	FIS
/RU000A0JT3E3=MM	WD	1/31/2014	FDL
/RU000A0JTK20=MM	BBB	12/8/2008	SPI
/RU000A0JTK20=MM	Baa2	7/5/2013	MDL
/RU000A0JTK20=MM	WD	7/27/2006	FIS
/RU000A0JTK20=MM	WD	1/31/2014	FDL
/RU000A0JTN01=MM	BBB	12/8/2008	SPI
/RU000A0JTN01=MM	Baa2	7/5/2013	MDL
/RU000A0JTN01=MM	WD	7/27/2006	FIS
/RU000A0JTN01=MM	WD	1/31/2014	FDL
/RU000A0JS1M1=MM	BBB	12/8/2008	SPI
/RU000A0JS1M1=MM	Baa2	7/5/2013	MDL
/RU000A0JS1M1=MM	WD	7/27/2006	FIS
/RU000A0JS1M1=MM	WD	1/31/2014	FDL
/RU000A0JS1P4=MM	BBB	12/8/2008	SPI
/RU000A0JS1P4=MM	Baa2	7/5/2013	MDL
/RU000A0JS1P4=MM	WD	7/27/2006	FIS
/RU000A0JS1P4=MM	WD	1/31/2014	FDL
/RU000A0JS1T6=MM	BBB	12/8/2008	SPI
/RU000A0JS1T6=MM	Baa2	7/5/2013	MDL
/RU000A0JS1T6=MM	WD	7/27/2006	FIS
/RU000A0JS1T6=MM	WD	1/31/2014	FDL
/RU000A0JS1U4=MM	BBB	12/8/2008	SPI
/RU000A0JS1U4=MM	Baa2	7/5/2013	MDL
/RU000A0JS1U4=MM	WD	7/27/2006	FIS
/RU000A0JS1U4=MM	WD	1/31/2014	FDL
/RU000A0JSX00=MM	BBB	12/8/2008	SPI
/RU000A0JSX00=MM	Baa2	7/5/2013	MDL
/RU000A0JSX00=MM	WD	7/27/2006	FIS
/RU000A0JSX00=MM	WD	1/31/2014	FDL
/RU000A0JU773=MM	BBB	12/8/2008	SPI
/RU000A0JU773=MM	Baa2	7/5/2013	MDL
/RU000A0JU773=MM	WD	7/27/2006	FIS
/RU000A0JU773=MM	WD	1/31/2014	FDL
/RU000A0JU617=MM			
/RU000A0JUGQ6=MM			
/RU000A0JUF81=MM			
/RU000A0JSSJ0=MM			
/RU000A0JS959=MM			
/RU000A0JUDL4=MM			
/RU000A0JU7A9=MM			
/RU000A0JTF27=MM			
/RU000A0JPGR4=MM	BBB	12/8/2008	SPI
/RU000A0JPWF6=MM	BBB	12/8/2008	SPI
/RU000A0JPZ84=MM	BBB	12/8/2008	SPI
/RU000A0JQ672=MM	BBB	12/8/2008	SPI
/RU000A0JQMB4=MM	BBB	12/8/2008	SPI
/RU000A0JUC27=MM			
/RU000A0JQZ67=MM	BBB	12/8/2008	SPI
/RU000A0JQZ75=MM	BBB	12/8/2008	SPI
/RU000A0JTWT9=MM			
/RU000A0JTW26=MM	Ba2	4/25/2013	MDL
/RU000A0JTW26=MM	BB	4/25/2013	FDL
/RU000A0JTW34=MM	Ba2	4/25/2013	MDL
/RU000A0JTW34=MM	BB	4/25/2013	FDL
/RU000A0JUAT3=MM	Ba2	4/25/2013	MDL
/RU000A0JUAT3=MM	BB	4/25/2013	FDL
/RU000A0JS1S8=MM			
/RU000A0JS5E9=MM	BB	4/20/2011	SPI
/RU000A0JS5E9=MM	Ba3	6/22/2011	MIS
/RU000A0JS5E9=MM	Ba3	6/22/2011	MDL
/RU000A0JS5M2=MM	BB	4/20/2011	SPI
/RU000A0JS5M2=MM	Ba3	6/22/2011	MIS
/RU000A0JS5M2=MM	Ba3	6/22/2011	MDL
/RU000A0JS5F6=MM	BB	4/20/2011	SPI
/RU000A0JS5F6=MM	Ba3	6/22/2011	MIS
/RU000A0JS5F6=MM	Ba3	6/22/2011	MDL
/RU000A0JUD83=MM	BBB	12/8/2008	SPI
/RU000A0JUD83=MM	Baa1	4/2/2013	MIS
/RU000A0JUD83=MM	Baa1	4/2/2013	MDL
/RU000A0JUD83=MM	WD	7/27/2006	FIS
/RU000A0JUD83=MM	BBB	2/4/2009	FDL
/RU000A0JU6K0=MM	BBB	12/8/2008	SPI
/RU000A0JU6K0=MM	Baa1	4/2/2013	MIS
/RU000A0JU6K0=MM	Baa1	4/2/2013	MDL
/RU000A0JU6K0=MM	WD	7/27/2006	FIS
/RU000A0JU6K0=MM	BBB	2/4/2009	FDL
/RU000A0JT8X2=MM	B+	4/23/2013	SPI
/RU000A0JT8X2=MM	B2	4/20/2010	MDL
/RU000A0JTG75=MM	B+	4/23/2013	SPI
/RU000A0JTG75=MM	B2	4/20/2010	MDL
/RU000A0JR5V4=MM			
/RU000A0JRJC6=MM			
/RU000A0JT593=MM			
/RU000A0JTGU0=MM	B1	10/9/2013	MDL
/RU000A0JRTB7=MM	B1	10/9/2013	MDL
/RU000A0JSS64=MM	B1	10/9/2013	MDL
/RU000A0JTT47=MM			
/RU000A0JPBN4=MM	B+	4/27/2012	SPI
/RU000A0JQ664=MM	B+	4/27/2012	SPI
/RU000A0JTGC8=MM			
/RU000A0JTGK1=MM	B-	7/25/2012	FDL
/RU000A0JT9G5=MM	B-	7/25/2012	FDL
/RU000A0JQ565=MM			
/RU000A0JQ5R3=MM			
/RU000A0JQTP9=MM			
/RU000A0JRKL5=MM	B+	12/15/2011	SPI
/RU000A0JSS72=MM	B+	12/15/2011	SPI
/RU000A0JTPS5=MM	B+	12/15/2011	SPI
/RU000A0JRJB8=MM			
/RU000A0JRJL7=MM			
/RU000A0JS4J1=MM			
/RU000A0JS4K9=MM			
/RU000A0JS4L7=MM			
/RU000A0JS298=MM			
/RU000A0JSZK3=MM			
/RU000A0JQ607=MM			
/RU000A0JU948=MM	B3	12/13/2013	MDL
/RU000A0DASA0=MM	BBB	12/8/2008	SPI
/RU000A0DASA0=MM	Baa1	12/15/2006	MIS
/RU000A0DASA0=MM	Baa1	12/15/2006	MDL
/RU000A0DASA0=MM	BBB	2/4/2009	FIS
/RU000A0DASA0=MM	BBB	12/13/2013	FDL
/RU000A0E6TK0=MM	BBB	12/8/2008	SPI
/RU000A0E6TK0=MM	Baa1	12/15/2006	MIS
/RU000A0E6TK0=MM	Baa1	12/15/2006	MDL
/RU000A0E6TK0=MM	BBB	2/4/2009	FIS
/RU000A0E6TK0=MM	BBB	12/13/2013	FDL
/RU000A0JNYN1=MM	BBB	12/8/2008	SPI
/RU000A0JNYN1=MM	Baa1	12/15/2006	MIS
/RU000A0JNYN1=MM	Baa1	12/15/2006	MDL
/RU000A0JNYN1=MM	BBB	2/4/2009	FIS
/RU000A0JNYN1=MM	BBB	12/13/2013	FDL
/RU000A0JNYP6=MM	BBB	12/8/2008	SPI
/RU000A0JNYP6=MM	Baa1	12/15/2006	MIS
/RU000A0JNYP6=MM	Baa1	12/15/2006	MDL
/RU000A0JNYP6=MM	BBB	2/4/2009	FIS
/RU000A0JNYP6=MM	BBB	12/13/2013	FDL
/RU000A0JPZ35=MM	BBB	12/8/2008	SPI
/RU000A0JPZ35=MM	Baa1	12/15/2006	MIS
/RU000A0JPZ35=MM	Baa1	12/15/2006	MDL
/RU000A0JPZ35=MM	BBB	2/4/2009	FIS
/RU000A0JPZ35=MM	BBB	12/13/2013	FDL
/RU000A0JPZ50=MM	BBB	12/8/2008	SPI
/RU000A0JPZ50=MM	Baa1	12/15/2006	MIS
/RU000A0JPZ50=MM	Baa1	12/15/2006	MDL
/RU000A0JPZ50=MM	BBB	2/4/2009	FIS
/RU000A0JPZ50=MM	BBB	12/13/2013	FDL
/RU000A0JPZ68=MM	BBB	12/8/2008	SPI
/RU000A0JPZ68=MM	Baa1	12/15/2006	MIS
/RU000A0JPZ68=MM	Baa1	12/15/2006	MDL
/RU000A0JPZ68=MM	BBB	2/4/2009	FIS
/RU000A0JPZ68=MM	BBB	12/13/2013	FDL
/RU000A0JQ5L6=MM	BBB	12/8/2008	SPI
/RU000A0JQ5L6=MM	Baa1	12/15/2006	MIS
/RU000A0JQ5L6=MM	Baa1	12/15/2006	MDL
/RU000A0JQ5L6=MM	BBB	2/4/2009	FIS
/RU000A0JQ5L6=MM	BBB	12/13/2013	FDL
/RU000A0JQHJ7=MM	BBB	12/8/2008	SPI
/RU000A0JQHJ7=MM	Baa1	12/15/2006	MIS
/RU000A0JQHJ7=MM	Baa1	12/15/2006	MDL
/RU000A0JQHJ7=MM	BBB	2/4/2009	FIS
/RU000A0JQHJ7=MM	BBB	12/13/2013	FDL
/RU000A0JQHN9=MM	BBB	12/8/2008	SPI
/RU000A0JQHN9=MM	Baa1	12/15/2006	MIS
/RU000A0JQHN9=MM	Baa1	12/15/2006	MDL
/RU000A0JQHN9=MM	BBB	2/4/2009	FIS
/RU000A0JQHN9=MM	BBB	12/13/2013	FDL
/RU000A0JQHM1=MM	BBB	12/8/2008	SPI
/RU000A0JQHM1=MM	Baa1	12/15/2006	MIS
/RU000A0JQHM1=MM	Baa1	12/15/2006	MDL
/RU000A0JQHM1=MM	BBB	2/4/2009	FIS
/RU000A0JQHM1=MM	BBB	12/13/2013	FDL
/RU000A0JTXW1=MM	BBB	12/8/2008	SPI
/RU000A0JTXW1=MM	Baa1	12/15/2006	MIS
/RU000A0JTXW1=MM	Baa1	12/15/2006	MDL
/RU000A0JTXW1=MM	BBB	2/4/2009	FIS
/RU000A0JTXW1=MM	BBB	12/13/2013	FDL
/RU000A0JU5V9=MM	BBB	12/8/2008	SPI
/RU000A0JU5V9=MM	Baa1	12/15/2006	MIS
/RU000A0JU5V9=MM	Baa1	12/15/2006	MDL
/RU000A0JU5V9=MM	BBB	2/4/2009	FIS
/RU000A0JU5V9=MM	BBB	12/13/2013	FDL
/RU000A0JU5W7=MM	BBB	12/8/2008	SPI
/RU000A0JU5W7=MM	Baa1	12/15/2006	MIS
/RU000A0JU5W7=MM	Baa1	12/15/2006	MDL
/RU000A0JU5W7=MM	BBB	2/4/2009	FIS
/RU000A0JU5W7=MM	BBB	12/13/2013	FDL
/RU000A0JU5X5=MM	BBB	12/8/2008	SPI
/RU000A0JU5X5=MM	Baa1	12/15/2006	MIS
/RU000A0JU5X5=MM	Baa1	12/15/2006	MDL
/RU000A0JU5X5=MM	BBB	2/4/2009	FIS
/RU000A0JU5X5=MM	BBB	12/13/2013	FDL
/RU000A0JU5Y3=MM	BBB	12/8/2008	SPI
/RU000A0JU5Y3=MM	Baa1	12/15/2006	MIS
/RU000A0JU5Y3=MM	Baa1	12/15/2006	MDL
/RU000A0JU5Y3=MM	BBB	2/4/2009	FIS
/RU000A0JU5Y3=MM	BBB	12/13/2013	FDL
/RU000A0JTDR3=MM	BBB-	4/30/2013	SPI
/RU000A0JTDR3=MM	Baa3	6/27/2013	MIS
/RU000A0JTDR3=MM	Baa3	6/27/2013	MDL
/RU000A0JU674=MM	BBB-	4/30/2013	SPI
/RU000A0JU674=MM	Baa3	6/27/2013	MIS
/RU000A0JU674=MM	Baa3	6/27/2013	MDL
/RU000A0JU286=MM	Ba1	5/31/2013	MIS
/RU000A0JU286=MM	Ba1	5/31/2013	MDL
/RU000A0JSRL8=MM	Ba1	5/31/2013	MIS
/RU000A0JSRL8=MM	Ba1	5/31/2013	MDL
/RU000A0JSFK5=MM	Ba2	9/1/2011	MIS
/RU000A0JSFK5=MM	Ba2	9/1/2011	MDL
/RU000A0JSFK5=MM	BB+	8/24/2012	FIS
/RU000A0JSFK5=MM	BB+	12/13/2013	FDL
/RU000A0JTYB3=MM	Ba2	9/1/2011	MIS
/RU000A0JTYB3=MM	Ba2	9/1/2011	MDL
/RU000A0JTYB3=MM	BB+	8/24/2012	FIS
/RU000A0JTYB3=MM	BB+	12/13/2013	FDL
/RU000A0JRJX2=MM	Ba2	9/1/2011	MIS
/RU000A0JRJX2=MM	Ba2	9/1/2011	MDL
/RU000A0JRJX2=MM	BB+	8/24/2012	FIS
/RU000A0JRJX2=MM	BB+	12/13/2013	FDL
/RU000A0JRHN7=MM	NR	11/9/2005	SPI
/RU000A0JRHN7=MM	BB	11/10/2011	FIS
/RU000A0JRHN7=MM	BB	12/13/2013	FDL
/RU000A0JT7L9=MM	BB-	12/4/2007	FIS
/RU000A0JT7L9=MM	BB-	12/13/2013	FDL
/RU000A0JU1V8=MM	BB-	12/4/2007	FIS
/RU000A0JU1V8=MM	BB-	12/13/2013	FDL
/RU000A0JRYA9=MM	BB-	12/4/2007	FIS
/RU000A0JRYA9=MM	BB-	12/13/2013	FDL
/RU000A0JQX51=MM	BB-	12/4/2007	FIS
/RU000A0JQX51=MM	BB-	12/13/2013	FDL
/RU000A0JS249=MM	B+	6/23/2009	FIS
/RU000A0JS249=MM	BB-	1/24/2014	FDL
/RU000A0JR688=MM	B+	6/23/2009	FIS
/RU000A0JR688=MM	BB-	1/24/2014	FDL
/RU000A0JUAZ0=MM	BB	11/19/2012	FIS
/RU000A0JUAZ0=MM	BB	12/13/2013	FDL
/RU000A0JSQR7=MM	BB	4/29/2013	FIS
/RU000A0JSQR7=MM	BB	12/13/2013	FDL
/RU000A0JU8R1=MM	BB	4/29/2013	FIS
/RU000A0JU8R1=MM	BB	12/13/2013	FDL
/RU000A0JS0N1=MM	Ba2	12/15/2006	MIS
/RU000A0JS0N1=MM	Ba2	12/15/2006	MDL
/RU000A0JS0N1=MM	BB+	11/16/2011	FIS
/RU000A0JS0N1=MM	BB+	12/13/2013	FDL
/RU000A0GKKB7=MM	Ba2	12/15/2006	MIS
/RU000A0GKKB7=MM	Ba2	12/15/2006	MDL
/RU000A0GKKB7=MM	BB+	11/16/2011	FIS
/RU000A0GKKB7=MM	BB+	12/13/2013	FDL
/RU000A0JR3B1=MM	Ba2	12/15/2006	MIS
/RU000A0JR3B1=MM	Ba2	12/15/2006	MDL
/RU000A0JR3B1=MM	BB+	11/16/2011	FIS
/RU000A0JR3B1=MM	BB+	12/13/2013	FDL
/RU000A0JU6N4=MM	B+	11/16/2009	FIS
/RU000A0JU6N4=MM	B+	12/13/2013	FDL
/RU000A0JRWS5=MM	B+	11/16/2009	FIS
/RU000A0JRWS5=MM	B+	12/13/2013	FDL
/RU000A0JR225=MM	NR	10/5/2011	SPI
/RU000A0JR225=MM	Ba1	6/16/2011	MIS
/RU000A0JR225=MM	Ba1	6/16/2011	MDL
/RU000A0JR225=MM	BB+	6/7/2012	FIS
/RU000A0JR225=MM	BB+	12/13/2013	FDL
/RU000A0JRVV1=MM	Ba2	3/24/2010	MIS
/RU000A0JRVV1=MM	Ba2	3/24/2010	MDL
/RU000A0JTBA3=MM	NR	10/5/2011	SPI
/RU000A0JTBA3=MM	Ba1	6/16/2011	MIS
/RU000A0JTBA3=MM	Ba1	6/16/2011	MDL
/RU000A0JTBA3=MM	BB+	6/7/2012	FIS
/RU000A0JTBA3=MM	BB+	12/13/2013	FDL
/RU000A0JT8G7=MM	BB	12/13/2013	SPI
/RU000A0JT8G7=MM	Caa1	12/4/2001	MIS
/RU000A0JT8G7=MM	BB+	2/10/2009	FIS
/RU000A0JT8G7=MM	BB+	12/13/2013	FDL
/RU000A0JU5U1=MM	BB	12/13/2013	SPI
/RU000A0JU5U1=MM	Caa1	12/4/2001	MIS
/RU000A0JU5U1=MM	BB+	2/10/2009	FIS
/RU000A0JU5U1=MM	BB+	12/13/2013	FDL
/RU000A0JRYP7=MM	BB	12/13/2013	SPI
/RU000A0JRYP7=MM	Caa1	12/4/2001	MIS
/RU000A0JRYP7=MM	BB+	2/10/2009	FIS
/RU000A0JRYP7=MM	BB+	12/13/2013	FDL
/RU000A0DH708=MM	BB+	12/2/2011	SPI
/RU000A0DH708=MM	BB+	7/4/2012	FIS
/RU000A0DH708=MM	BB+	12/13/2013	FDL
/RU000A0JS8T1=MM	BB	10/29/2012	FIS
/RU000A0JS8T1=MM	BB	12/13/2013	FDL
/RU000A0JTVZ8=MM	BB	10/29/2012	FIS
/RU000A0JTVZ8=MM	BB	12/13/2013	FDL
/RU000A0JT361=MM	BB	3/1/2012	FIS
/RU000A0JT361=MM	BB	12/13/2013	FDL
/RU000A0JP6R2=MM	NR	4/7/2009	SPI
/RU000A0JP6R2=MM	Ba2	10/30/2012	MIS
/RU000A0JP6R2=MM	Ba2	10/30/2012	MDL
/RU000A0JSVD7=MM	B+	6/9/1998	SPI
/RU000A0JSVD7=MM	BB-	4/20/2012	FIS
/RU000A0JSVD7=MM	BB-	12/13/2013	FDL
/RU000A0JRWA3=MM	B+	6/9/1998	SPI
/RU000A0JRWA3=MM	BB-	4/20/2012	FIS
/RU000A0JRWA3=MM	BB-	12/13/2013	FDL
/RU000A0JR2H0=MM	B+	6/9/1998	SPI
/RU000A0JR2H0=MM	BB-	4/20/2012	FIS
/RU000A0JR2H0=MM	BB-	12/13/2013	FDL
/RU000A0JU3B6=MM	B+	6/9/1998	SPI
/RU000A0JU3B6=MM	BB-	4/20/2012	FIS
/RU000A0JU3B6=MM	BB-	12/13/2013	FDL
/RU000A0JSY25=MM	BB+	10/29/2013	SPI
/RU000A0JSY25=MM	BBB-	10/29/2013	FIS
/RU000A0JSY25=MM	BBB-	12/13/2013	FDL
/RU000A0JU963=MM			
/RU000A0JU1T2=MM	BB+	10/29/2013	SPI
/RU000A0JU1T2=MM	BBB-	10/29/2013	FIS
/RU000A0JU1T2=MM	BBB-	12/13/2013	FDL
/RU000A0JU7H4=MM	NR	12/29/2008	SPI
/RU000A0JU7H4=MM	Ba2	6/17/2011	MIS
/RU000A0JU7H4=MM	Ba2	6/17/2011	MDL
/RU000A0JTZK1=MM	BB	10/27/2011	FIS
/RU000A0JTZK1=MM	BB	12/13/2013	FDL
/RU000A0JTGE4=MM	BB	10/27/2011	FIS
/RU000A0JTGE4=MM	BB	12/13/2013	FDL
/RU000A0JTVM6=MM	BB+	11/15/2012	SPI
/RU000A0JTVM6=MM	WR	7/30/2004	MIS
/RU000A0JTVM6=MM	BBB-	9/25/2012	FIS
/RU000A0JTVM6=MM	BBB-	12/13/2013	FDL
/RU000A0JTGF1=MM	B+	8/23/2010	FIS
/RU000A0JTGF1=MM	B+	12/13/2013	FDL
/RU000A0JR5G5=MM	B+	8/23/2010	FIS
/RU000A0JR5G5=MM	B+	12/13/2013	FDL
/RU000A0JR4V7=MM	BBB	3/6/2008	SPI
/RU000A0JR4V7=MM	Baa1	5/16/2011	MIS
/RU000A0JR4V7=MM	Baa1	5/16/2011	MDL
/RU000A0JR4V7=MM	BBB	5/22/2007	FIS
/RU000A0JR4V7=MM	BBB	12/13/2013	FDL
/RU000A0JTDL6=MM	BBB	3/6/2008	SPI
/RU000A0JTDL6=MM	Baa1	5/16/2011	MIS
/RU000A0JTDL6=MM	Baa1	5/16/2011	MDL
/RU000A0JTDL6=MM	BBB	5/22/2007	FIS
/RU000A0JTDL6=MM	BBB	12/13/2013	FDL
/RU000A0JS9J0=MM	BB+	6/23/2008	SPI
/RU000A0JS9J0=MM	Ba1	12/15/2006	MIS
/RU000A0JS9J0=MM	Ba1	12/15/2006	MDL
/RU000A0JU2H5=MM	BB+	6/23/2008	SPI
/RU000A0JU2H5=MM	Ba1	12/15/2006	MIS
/RU000A0JU2H5=MM	Ba1	12/15/2006	MDL
/RU000A0JRJF9=MM	BB+	6/23/2008	SPI
/RU000A0JRJF9=MM	Ba1	12/15/2006	MIS
/RU000A0JRJF9=MM	Ba1	12/15/2006	MDL
/RU000A0JU7R3=MM	B+	9/19/2012	FIS
/RU000A0JU7R3=MM	B+	9/19/2012	FDL
/RU000A0JU9G2=MM	NR	4/16/2013	SPI
/RU000A0JU9G2=MM	BB	12/13/2012	FIS
/RU000A0JU9G2=MM	BB	12/13/2013	FDL
/RU000A0JTFZ1=MM	NR	4/16/2013	SPI
/RU000A0JTFZ1=MM	BB	12/13/2012	FIS
/RU000A0JTFZ1=MM	BB	12/13/2013	FDL
/RU000A0JTDZ6=MM	BB+	12/27/2011	SPI
/RU000A0JTDZ6=MM	WR	7/30/2004	MIS
/RU000A0JS009=MM	BB+	12/27/2011	SPI
/RU000A0JS009=MM	WR	7/30/2004	MIS
/RU000A0JTDV5=MM			
/RU000A0JUCZ6=MM	BB-	10/4/2013	SPI
/RU000A0JQX85=MM			
/RU000A0JTGD6=MM	BB-	10/4/2013	SPI
/RU000A0JUAC9=MM	BB	10/30/2013	FIS
/RU000A0JUAC9=MM	BB	12/13/2013	FDL
/RU000A0JT1G2=MM	BB	10/30/2013	FIS
/RU000A0JT1G2=MM	BB	12/13/2013	FDL
/RU000A0JR639=MM	NR	4/23/2013	SPI
/RU000A0JR639=MM	B	12/10/2013	FIS
/RU000A0JR639=MM	B	12/13/2013	FDL
/RU000A0JQN04=MM	NR	4/23/2013	SPI
/RU000A0JQN04=MM	B	12/10/2013	FIS
/RU000A0JQN04=MM	B	12/13/2013	FDL
/RU000A0JUAX5=MM	NR	4/23/2013	SPI
/RU000A0JUAX5=MM	B	12/10/2013	FIS
/RU000A0JUAX5=MM	B	12/13/2013	FDL
/RU000A0JTGN5=MM	NR	4/23/2013	SPI
/RU000A0JTGN5=MM	B	12/10/2013	FIS
/RU000A0JTGN5=MM	B	12/13/2013	FDL
/RU000A0JRY67=MM	WR	4/11/2012	MIS
/RU000A0JRY67=MM	BB	11/22/2013	FIS
/RU000A0JRY67=MM	BB	12/13/2013	FDL
/RU000A0JU740=MM	WR	4/11/2012	MIS
/RU000A0JU740=MM	BB	11/22/2013	FIS
/RU000A0JU740=MM	BB	12/13/2013	FDL
/RU000A0JTF76=MM	WR	4/11/2012	MIS
/RU000A0JTF76=MM	BB	11/22/2013	FIS
/RU000A0JTF76=MM	BB	12/13/2013	FDL
/RU000A0JR530=MM	WR	4/11/2012	MIS
/RU000A0JR530=MM	BB	11/22/2013	FIS
/RU000A0JR530=MM	BB	12/13/2013	FDL
/RU000A0JSVC9=MM			
/RU000A0JU6P9=MM	NR	8/2/2011	SPI
/RU000A0JU6P9=MM	BB-	8/15/2012	FIS
/RU000A0JU6P9=MM	BB-	12/13/2013	FDL
/RU000A0JR6K5=MM			
/RU000A0JS7P1=MM	NR	8/2/2011	SPI
/RU000A0JS7P1=MM	BB-	8/15/2012	FIS
/RU000A0JS7P1=MM	BB-	12/13/2013	FDL
/RU000A0JTXF6=MM	NR	8/2/2011	SPI
/RU000A0JTXF6=MM	BB-	8/15/2012	FIS
/RU000A0JTXF6=MM	BB-	12/13/2013	FDL
/RU000A0JRGR0=MM	NR	8/2/2011	SPI
/RU000A0JRGR0=MM	BB-	8/15/2012	FIS
/RU000A0JRGR0=MM	BB-	12/13/2013	FDL
/RU000A0JQWF4=MM	NR	8/2/2011	SPI
/RU000A0JQWF4=MM	BB-	8/15/2012	FIS
/RU000A0JQWF4=MM	BB-	12/13/2013	FDL
/RU000A0JS1E8=MM	NR	7/2/2012	SPI
/RU000A0JS1E8=MM	Ba3	12/17/2013	MIS
/RU000A0JS1E8=MM	Ba3	12/17/2013	MDL
/RU000A0JS1E8=MM	WD	11/17/2009	FIS
/RU000A0JTF68=MM	NR	7/2/2012	SPI
/RU000A0JTF68=MM	Ba3	12/17/2013	MIS
/RU000A0JTF68=MM	Ba3	12/17/2013	MDL
/RU000A0JTF68=MM	WD	11/17/2009	FIS
/RU000A0JTG34=MM	BB+	10/31/2013	FIS
/RU000A0JTG34=MM	BB+	12/13/2013	FDL
/RU000A0JU823=MM	BB+	10/31/2013	FIS
/RU000A0JU823=MM	BB+	12/13/2013	FDL
/RU000A0JRHB2=MM	BB+	11/15/2012	SPI
/RU000A0JRHB2=MM	WR	7/30/2004	MIS
/RU000A0JRHB2=MM	BBB-	9/25/2012	FIS
/RU000A0JRHB2=MM	BBB-	12/13/2013	FDL
/RU000A0JS850=MM	BB+	11/15/2012	SPI
/RU000A0JS850=MM	WR	7/30/2004	MIS
/RU000A0JS850=MM	BBB-	9/25/2012	FIS
/RU000A0JS850=MM	BBB-	12/13/2013	FDL
/RU000A0JP6V4=MM	BB+	11/15/2012	SPI
/RU000A0JP6V4=MM	WR	7/30/2004	MIS
/RU000A0JP6V4=MM	BBB-	9/25/2012	FIS
/RU000A0JP6V4=MM	BBB-	12/13/2013	FDL
/RU000A0JREC7=MM	BB	11/17/2011	FIS
/RU000A0JREC7=MM	BB	12/13/2013	FDL
/RU000A0JSU45=MM	BB	11/17/2011	FIS
/RU000A0JSU45=MM	BB	12/13/2013	FDL
/RU000A0JU0W8=MM	BB	11/17/2011	FIS
/RU000A0JU0W8=MM	BB	12/13/2013	FDL
SBERHDR2	Unable to collect data for the field 'EJV.IR.Rating' and some specific identifier(s).	Unable to collect data for the field 'EJV.IR.RatingDate' and some specific identifier(s).	Unable to collect data for the field 'EJV.IR.RatingSourceCode' and some specific identifier(s).
SBER	Unable to collect data for the field 'EJV.IR.Rating' and some specific identifier(s).	Unable to collect data for the field 'EJV.IR.RatingDate' and some specific identifier(s).	Unable to collect data for the field 'EJV.IR.RatingSourceCode' and some specific identifier(s).
XS0556885753=SBER	BBB-	12/24/2010	SPI
XS0556885753=SBER	Baa3	8/21/2013	MIS
XS0556885753=SBER	Baa3	8/21/2013	MDL
XS0556885753=SBER	BBB	11/21/2012	FDL
XS0506527851=SBER	BBB-	12/24/2010	SPI
XS0506527851=SBER	Baa3	8/21/2013	MIS
XS0506527851=SBER	Baa3	8/21/2013	MDL
XS0506527851=SBER	BBB	11/21/2012	FDL
XS0441261921=SBER	Baa3	8/21/2013	MDL
XS0373642585=SBER	BBB-	12/24/2010	SPI
XS0373642585=SBER	Baa3	8/21/2013	MIS
XS0373642585=SBER	Baa3	8/21/2013	MDL
XS0373642585=SBER	BBB	11/21/2012	FDL
XS0373641009=SBER	BBB-	12/24/2010	SPI
XS0373641009=SBER	Baa3	8/21/2013	MIS
XS0373641009=SBER	Baa3	8/21/2013	MDL
XS0373641009=SBER	BBB	11/21/2012	FDL
XS0799658637=SBER	Baa3	8/21/2013	MDL
XS0546214007=SBER	Baa3	8/21/2013	MDL
XS0253694755=SBER	Baa3	8/21/2013	MDL
XS0583616239=SBER	B-	9/26/2011	SPI
XS0583616239=SBER	B3	6/14/2013	MIS
XS0583616239=SBER	B3	6/14/2013	MDL
XS0529394701=SBER	B-	9/26/2011	SPI
XS0529394701=SBER	B3	6/14/2013	MIS
XS0529394701=SBER	B3	6/14/2013	MDL
RU050495418=	BBB	12/8/2008	SPI
RU050495418=	Baa1	3/27/2013	MIS
RU050495418=	Baa1	3/27/2013	MDL
RU050495418=	WD	7/25/2006	FIS
RU050495418=	BBB	2/4/2009	FDL
RU076746982=	BBB	12/8/2008	SPI
RU076746982=	Baa1	3/27/2013	MIS
RU076746982=	Baa1	3/27/2013	MDL
RU076746982=	WD	7/25/2006	FIS
RU076746982=	BBB	2/4/2009	FDL
RU056408754=	BBB	12/8/2008	SPI
RU056408754=	Baa1	3/27/2013	MIS
RU056408754=	Baa1	3/27/2013	MDL
RU056408754=	WD	7/25/2006	FIS
RU056408754=	BBB	2/4/2009	FDL
RU008937524=	BBB	12/8/2008	SPI
RU008937524=	Baa1	3/27/2013	MIS
RU008937524=	Baa1	3/27/2013	MDL
RU008937524=	WD	7/25/2006	FIS
RU008937524=	BBB	2/4/2009	FDL
RU097172137=	BBB	12/8/2008	SPI
RU097172137=	Baa1	3/27/2013	MIS
RU097172137=	Baa1	3/27/2013	MDL
RU097172137=	WD	7/25/2006	FIS
RU097172137=	BBB	2/4/2009	FDL
RU050495434=	BBB	12/8/2008	SPI
RU050495434=	Baa1	3/27/2013	MIS
RU050495434=	Baa1	3/27/2013	MDL
RU050495434=	WD	7/25/2006	FIS
RU050495434=	BBB	2/4/2009	FDL
RU097172234=	BBB	12/8/2008	SPI
RU097172234=	Baa1	3/27/2013	MIS
RU097172234=	Baa1	3/27/2013	MDL
RU097172234=	WD	7/25/2006	FIS
RU097172234=	BBB	2/4/2009	FDL
RU076747245=	BBB	12/8/2008	SPI
RU076747245=	Baa1	3/27/2013	MIS
RU076747245=	Baa1	3/27/2013	MDL
RU076747245=	WD	7/25/2006	FIS
RU076747245=	BBB	2/4/2009	FDL
RU097172145=	BBB	12/8/2008	SPI
RU097172145=	Baa1	3/27/2013	MIS
RU097172145=	Baa1	3/27/2013	MDL
RU097172145=	WD	7/25/2006	FIS
RU097172145=	BBB	2/4/2009	FDL
RU008854319=	BBB	12/8/2008	SPI
RU008854319=	Baa1	3/27/2013	MIS
RU008854319=	Baa1	3/27/2013	MDL
RU008854319=	WD	7/25/2006	FIS
RU008854319=	BBB	2/4/2009	FDL
RU011428878=	BBB	12/8/2008	SPI
RU011428878=	Baa1	3/27/2013	MIS
RU011428878=	Baa1	3/27/2013	MDL
RU011428878=	WD	7/25/2006	FIS
RU011428878=	BBB	2/4/2009	FDL
RU076747385=	BBB	12/8/2008	SPI
RU076747385=	Baa1	3/27/2013	MIS
RU076747385=	Baa1	3/27/2013	MDL
RU076747385=	WD	7/25/2006	FIS
RU076747385=	BBB	2/4/2009	FDL
RU097172196=	BBB	12/8/2008	SPI
RU097172196=	Baa1	3/27/2013	MIS
RU097172196=	Baa1	3/27/2013	MDL
RU097172196=	WD	7/25/2006	FIS
RU097172196=	BBB	2/4/2009	FDL
US1MT=TWEB	AA+	8/5/2011	SPI
US1MT=TWEB	Aaa	7/18/2013	MIS
US1MT=TWEB	Aaa	7/18/2013	MDL
US1MT=TWEB	WD	12/13/2005	FIS
US1MT=TWEB	AAA	12/14/2005	FDL
US1MTWI=TWEB	AA+	8/5/2011	SPI
US1MTWI=TWEB	Aaa	7/18/2013	MIS
US1MTWI=TWEB	Aaa	7/18/2013	MDL
US1MTWI=TWEB	WD	12/13/2005	FIS
US1MTWI=TWEB	AAA	12/14/2005	FDL
US3MT=TWEB	AA+	8/5/2011	SPI
US3MT=TWEB	Aaa	7/18/2013	MIS
US3MT=TWEB	Aaa	7/18/2013	MDL
US3MT=TWEB	WD	12/13/2005	FIS
US3MT=TWEB	AAA	12/14/2005	FDL
US6MT=TWEB	AA+	8/5/2011	SPI
US6MT=TWEB	Aaa	7/18/2013	MIS
US6MT=TWEB	Aaa	7/18/2013	MDL
US6MT=TWEB	WD	12/13/2005	FIS
US6MT=TWEB	AAA	12/14/2005	FDL
US1YT=TWEB	AA+	8/5/2011	SPI
US1YT=TWEB	Aaa	7/18/2013	MIS
US1YT=TWEB	Aaa	7/18/2013	MDL
US1YT=TWEB	WD	12/13/2005	FIS
US1YT=TWEB	AAA	12/14/2005	FDL
US1YTWI=TWEB	AA+	8/5/2011	SPI
US1YTWI=TWEB	Aaa	7/18/2013	MIS
US1YTWI=TWEB	Aaa	7/18/2013	MDL
US1YTWI=TWEB	WD	12/13/2005	FIS
US1YTWI=TWEB	AAA	12/14/2005	FDL
US2YT=TWEB	AA+	8/5/2011	SPI
US2YT=TWEB	Aaa	7/18/2013	MIS
US2YT=TWEB	Aaa	7/18/2013	MDL
US2YT=TWEB	WD	12/13/2005	FIS
US2YT=TWEB	AAA	12/14/2005	FDL
US3YT=TWEB	AA+	8/5/2011	SPI
US3YT=TWEB	Aaa	7/18/2013	MIS
US3YT=TWEB	Aaa	7/18/2013	MDL
US3YT=TWEB	WD	12/13/2005	FIS
US3YT=TWEB	AAA	12/14/2005	FDL
US5YT=TWEB	AA+	8/5/2011	SPI
US5YT=TWEB	Aaa	7/18/2013	MIS
US5YT=TWEB	Aaa	7/18/2013	MDL
US5YT=TWEB	WD	12/13/2005	FIS
US5YT=TWEB	AAA	12/14/2005	FDL
